nombre,dni,genero,pelicula,formato,precio,fecha_visita,Año,Género
Gina Kirby,84940341,F,Old Brandis' Eyes,Normal,8.85,2025-07-06,1913,"Drama,Fantasy"
Amy Webb,12042176,F,Tirol in Waffen,3D,12.26,2025-08-19,1914,"Drama,War"
Bobby Collins,45238449,M,Bought,Normal,6.54,2025-10-21,1915,Drama
Julian Phillips,33586286,M,The Greater Will,Normal,6.53,2026-04-06,1915,Drama
Jessica Morris,98391740,F,Livets konflikter,Normal,8.4,2025-12-02,1913,Drama
Jacqueline Jennings,25100951,F,A Night in May,Normal,6.46,2025-05-07,1910,Drama
Andre Torres,14029829,M,One Hundred Years of Mormonism,3D,13.23,2025-05-13,1913,"Drama,History"
Dale Hardy,39621173,M,The Country Mouse,3D,13.81,2025-07-23,1914,Comedy
Nicholas Johnson,14718502,M,The Mystery of the Fatal Pearl and the Sequel,Normal,8.51,2025-06-05,1914,\N
Kelly Rivera,82039028,F,A Pesca do Bacalhau,3D,13.28,2025-09-05,1910,Documentary
Brian Ramirez,30582756,M,Pierre of the Plains,Normal,6.84,2026-03-01,1914,Drama
Charles Hayes,64210171,M,The Kangaroo,Normal,8.17,2025-06-03,1914,Drama
Kim Munoz,66777158,F,Authentic European War,3D,11.48,2025-09-13,1915,Documentary
Tommy Lopez,39984867,M,The Banker's Daughter,Normal,8.3,2025-10-19,1914,Drama
Christian Taylor,35923449,M,The Mysterious Mr. Wu Chung Foo,Normal,7.83,2026-03-03,1914,Drama
Elizabeth Mcdonald,76554056,F,The Miner's Curse,3D,13.99,2026-02-01,1911,Drama
Jason Stephenson,92137967,M,The Perils of Pauline,Normal,6.56,2026-02-17,1914,"Action,Adventure,Drama"
Elizabeth Garcia,88886605,F,L'homme qui assassina,Normal,7.28,2026-03-10,1913,\N
Matthew Brewer,87552195,M,The Alster Case,3D,11.47,2025-10-17,1915,Mystery
Justin Ross,48498261,M,The Road to Ruin,3D,11.24,2026-01-13,1913,Drama
Bonnie Scott,85047485,F,The Volunteer Parson,Normal,8.15,2025-07-15,1914,Drama
Jaime Gallagher,62856795,M,Should a Woman Divorce?,Normal,7.15,2025-07-20,1914,Drama
Jennifer Thomas,37898541,F,La cueva vengadora,Normal,6.18,2025-08-27,1914,Drama
Matthew Williams,21359011,M,Luchtkastelen,3D,10.74,2025-12-10,1914,Drama
Roberto Morgan,11777274,M,0-18 or A Message from the Sky,3D,10.77,2025-11-19,1914,"Crime,Drama"
Robert Mcdaniel,98907491,M,Destruction,Normal,7.94,2025-12-28,1915,"Drama,Romance"
David Oliver,62210483,M,The Battle of Ballots,3D,12.41,2026-02-18,1915,Drama
Christopher Cook,28452329,M,Burning Daylight: The Adventures of 'Burning Daylight' in Civilization,3D,13.1,2026-04-29,1914,Drama
Jacob Gonzales,83409451,M,The Envoy Extraordinary,3D,13.77,2025-06-18,1914,Drama
Amy Peters,81532865,F,The Seats of the Mighty,3D,13.77,2025-12-11,1914,Drama
Kendra Hancock,48164989,F,El fantasma del castillo,Normal,7.76,2025-10-01,1911,\N
Travis Dyer,74122006,M,The Spirit of the Conqueror,3D,13.01,2025-06-05,1914,Drama
Shane Johnson,86768122,M,The Dawn of a Tomorrow,3D,12.1,2026-03-04,1915,Drama
Monique Owens,81707083,F,Fiestas en La Garriga,3D,13.67,2026-01-04,1909,\N
Mariah Nelson,70485743,F,Joseph and His Coat of Many Colors,3D,12.83,2026-03-23,1914,Drama
Kenneth Nicholson,73925841,M,Sins of the Parents,Normal,7.31,2025-09-03,1914,Drama
Jennifer Lynch,53818935,F,Leiria,Normal,8.26,2025-11-09,1912,Documentary
Jessica Becker,61560657,F,Die Sumpfblume,3D,11.4,2026-02-04,1913,\N
Jeremy Fields,91996687,M,The Ghost Breaker,Normal,7.79,2025-07-18,1914,"Adventure,Horror"
Rhonda Chavez,19103397,F,The Swagman's Story,Normal,7.09,2026-04-26,1914,\N
Rachael Boyer,51381795,F,Aurora Leigh,3D,10.08,2025-11-07,1915,Drama
Lisa Lang,32359671,F,A Dog's Tale,Normal,8.68,2025-05-19,1911,\N
Jerry Griffin,24177896,M,Don Juan de Serrallonga,Normal,8.8,2025-11-04,1910,"Adventure,Drama"
Derrick Pearson,53273953,M,The Toll of Mammon,Normal,6.42,2025-07-28,1914,Drama
Richard Turner,14353429,M,Called Back,3D,12.38,2025-06-04,1914,Drama
Stephanie Miller,80305102,F,L'homme qui assassina,Normal,6.17,2025-07-08,1913,\N
Heather Hebert,35410529,F,De cuarenta para arriba,3D,12.1,2025-10-17,1918,Comedy
Holly Ho MD,61143556,F,"How Fine, How Fresh the Roses Were",Normal,7.26,2025-12-24,1913,Romance
Kathy Smith,58140007,F,The Ordeal,3D,11.49,2026-03-26,1914,War
Ms. Kristina Shepard,20501176,F,Fantomas: The Mysterious Finger Print,Normal,8.75,2025-11-22,1914,"Crime,Drama"
Linda Padilla,54054638,F,The Spirit of the Poppy,3D,10.69,2025-07-10,1914,Drama
Jessica Hawkins,84988145,F,Beby y su circo,3D,11.92,2025-05-17,1915,Comedy
Richard Acevedo,95439977,M,The Prodigal Son,Normal,6.72,2025-08-09,1907,Drama
Richard Acevedo,95439977,M,The Prodigal Son,Normal,6.72,2025-08-09,1913,\N
Trevor Novak,52611442,M,The Volunteer Parson,3D,11.93,2025-06-17,1914,Drama
Jose Flores,65028164,M,The Country Boy,Normal,6.38,2026-02-01,1915,"Comedy,Drama"
Kenneth Gutierrez,37990404,M,Ten Nights in a Barroom,3D,12.69,2026-02-18,1913,Drama
Tyler Garza,83940046,M,On the Belgian Battlefield,3D,11.75,2026-01-26,1914,Documentary
James Hall,53927121,M,Lucille Love: The Girl of Mystery,3D,13.57,2025-12-22,1914,Action
Michelle Brooks,38720946,F,The Vicar of Wakefield,Normal,7.73,2026-04-18,1913,Drama
Michelle Brooks,38720946,F,The Vicar of Wakefield,Normal,7.73,2026-04-18,1913,Drama
Kevin Harrison,29308420,M,'Twas Ever Thus,Normal,6.46,2025-12-03,1915,"Drama,War"
Meghan Obrien,43305626,F,Aloha Oe,Normal,6.35,2025-06-21,1915,Drama
Russell Morales,31937083,M,Life's Shop Window,Normal,7.32,2025-10-07,1914,Drama
Ann Tanner,84128800,F,Seal Hunting in Newfoundland,Normal,8.94,2025-06-06,1912,Documentary
Tina Harper,85383322,F,The Great Circus Catastrophe,3D,11.32,2025-05-21,1912,Drama
Dustin Rodriguez,60964032,M,Jahreszeiten des Lebens,Normal,8.07,2025-06-23,1915,\N
Katelyn Page,84481022,F,The Vicar of Wakefield,3D,10.54,2026-01-10,1913,Drama
Katelyn Page,84481022,F,The Vicar of Wakefield,3D,10.54,2026-01-10,1913,Drama
Stephanie Jones,73006867,F,Tillie's Punctured Romance,Normal,8.28,2025-10-04,1914,Comedy
Rose Miller,18951458,F,The Mysterious Mr. Wu Chung Foo,Normal,6.13,2025-09-07,1914,Drama
Mike Barker,95825947,M,Alice in Wonderland,Normal,6.52,2026-03-05,1915,"Adventure,Family,Fantasy"
Elizabeth Dominguez,66430412,F,The Indian Wars,3D,10.08,2025-07-20,1914,"Biography,Drama,History"
Michael Clayton,22885183,M,L'aluminite,Normal,6.66,2025-08-03,1910,\N
Amy Rivera,27912976,F,A Sister to Carmen,3D,13.87,2026-01-24,1913,Drama
Brandon Miller,11604328,M,Den sorte familie,3D,11.09,2025-11-12,1914,\N
Lauren Sullivan,55883939,F,Don Quixote,Normal,6.12,2026-02-28,1915,Drama
Shannon Foster,31585461,F,The District Attorney,Normal,8.96,2025-09-13,1915,\N
Michael Roberson,56704620,M,Sport and Travel in Central Africa,Normal,6.85,2025-06-28,1914,"Adventure,Documentary"
Jennifer Hansen,20412866,F,The Mystery of a Hansom Cab,Normal,6.46,2026-04-09,1911,\N
Garrett Little,54250491,M,Bøffen og bananen,3D,10.72,2026-02-18,1913,\N
Tracy Stuart,62632271,F,Cora,3D,13.65,2025-10-25,1915,Drama
Danielle Nelson,87421193,F,The Chocolate Soldier,Normal,8.7,2025-07-11,1914,"Comedy,Drama"
Scott Hensley,49671593,M,The Shame of the Empire State,Normal,8.21,2026-03-19,1913,"Crime,Drama"
Joseph Franco,75244877,M,The Shattered Vase,3D,10.72,2026-03-05,1913,Drama
Karen Coleman,77479335,F,At the Cross Roads,3D,13.34,2025-08-02,1914,Drama
Christina Stewart,20172084,F,American Game Trails,Normal,8.83,2026-04-29,1915,Documentary
Connor Mckenzie,25362332,M,Apuntes de la fiesta de la flor,Normal,6.42,2025-10-04,1914,Documentary
Richard Anderson,21704795,M,Volunteer Organist,Normal,7.04,2025-10-20,1913,Drama
Robert Vasquez,85032056,M,Zigomar contre Nick Carter,3D,11.81,2025-12-28,1912,"Crime,Thriller"
Katherine Patterson,29674974,F,The Road to Ruin,Normal,7.7,2026-04-27,1913,Drama
Erin Ellis,86918533,F,Conscience,3D,12.74,2026-01-29,1917,Drama
Katie Dean,11465128,F,Cardinal Richelieu's Ward,3D,11.45,2025-08-29,1914,Drama
Ana Walker,57949232,F,Fantasma,Normal,6.38,2025-11-08,1914,Fantasy
Joseph Williams,73596367,M,Rose of the Rancho,3D,12.08,2025-12-04,1914,"Action,Adventure,Drama"
Juan Lane,42490236,M,Un día en Xochimilco,Normal,6.25,2026-01-26,1909,\N
Louis Smith,65611922,M,Diego Corrientes,Normal,7.13,2026-04-14,1914,\N
Crystal Smith,86325672,F,Le nègre blanc,Normal,7.64,2026-02-22,1912,\N
Aimee White,58877194,F,Ill Starred Babbie,Normal,6.62,2026-01-23,1914,\N
Lawrence Stewart,70549550,M,The Spirit of the Poppy,Normal,6.82,2025-09-08,1914,Drama
Keith Stephens,63628375,M,Julius Caesar's Sandals,Normal,8.09,2025-10-27,1911,\N
David Wyatt,88689214,M,The Fringe of War,3D,10.51,2026-02-08,1914,"Drama,War"
Deborah Smith,53679091,F,The Battle of Trafalgar,3D,10.08,2025-08-31,1911,War
Alexis Werner,76239228,F,Carlota Angela,3D,10.68,2026-03-10,1912,\N
Rachel Wallace,84611784,F,Amor gitano,Normal,8.62,2025-09-11,1910,\N
Daniel Cain,77501412,M,Othello,3D,11.55,2025-06-21,1914,"Drama,Romance"
Jennifer Graves,86634991,F,Nell Gwynne,Normal,8.15,2026-03-12,1911,"Biography,Drama,History"
Timothy Werner,35783994,M,The Mysterious Man of the Jungle,3D,11.17,2026-03-16,1914,Adventure
Nicholas Deleon,54135460,M,Bella Donna,Normal,8.95,2025-06-04,1915,Drama
Alejandra Peters,41681910,F,Stuart Webbs: Das Panzergewölbe,3D,10.66,2025-05-15,1914,"Action,Crime"
Jennifer Blevins,48375098,F,The Folly of Revenge,3D,14.0,2026-04-28,1916,Drama
Robert Perkins,96453742,M,His Brother's Wife,3D,13.78,2026-01-22,1910,\N
Tiffany Everett,41406817,F,Mrs. Wiggs of the Cabbage Patch,Normal,7.77,2025-11-10,1914,Drama
Daniel Lopez,32815653,M,Gira política de Madero y Pino Suárez,Normal,7.31,2026-03-26,1909,\N
Gary Freeman,67656062,M,Salome Mad,3D,13.35,2025-09-28,1909,Comedy
Dennis Mason,56951261,M,What Is to Be Done?,Normal,7.59,2026-01-16,1914,Drama
Vanessa Miller DDS,14941206,F,A Suspicious Wife,3D,13.29,2025-10-27,1914,Drama
Jerry Ball,50069837,M,Fiestas de Santa Lucía - Belenes,Normal,7.44,2025-07-06,1909,\N
Scott Davis,53737884,M,The Sin of a Woman,3D,13.6,2025-05-25,1912,\N
Kevin Cole,82991117,M,The Price He Paid,3D,13.15,2025-12-18,1914,\N
Katelyn Ballard,94472733,F,Desastre do Monoplano Gnome na Amadora,Normal,6.58,2026-01-30,1913,Documentary
Kelsey Flowers,62997600,F,The Governor's Ghost,Normal,7.41,2025-11-12,1914,Drama
Ricky King,60978708,M,In the Days of the Thundering Herd,3D,11.27,2026-01-24,1914,"Drama,Western"
Kristin Arias,65588255,F,The Painted World,Normal,8.15,2026-03-07,1914,Drama
Heather Jackson,30563219,F,Sherlock Holmes VI,Normal,8.7,2025-07-28,1910,\N
Susan Lopez,49672356,F,Fiestas en Palafrugell,3D,12.88,2025-10-20,1913,\N
Kathleen Burns,17795080,F,Damon and Pythias,3D,12.95,2025-07-30,1914,Drama
Amanda Williams,56734557,F,The Ordeal,3D,11.36,2025-09-29,1914,War
Holly Willis,29845319,F,Colonel Carter of Cartersville,Normal,6.23,2026-01-15,1915,"Drama,History"
Anthony Herring,95632623,M,Die große Sünderin,Normal,7.8,2025-07-14,1914,\N
Matthew Miller,11813572,M,The Darkening Trail,3D,13.97,2026-02-16,1915,Drama
Angela Paul,86153106,F,Sealed Orders,Normal,7.67,2025-06-01,1914,"Drama,Mystery"
Timothy Ferguson,57398610,M,The Orphan,3D,13.94,2025-11-23,1913,\N
Patricia Sanchez,21734234,F,The Danger Signal,3D,11.97,2025-11-26,1915,Drama
Shawn Mckenzie,85664255,M,Fatum,Normal,7.58,2025-12-29,1915,\N
Nathaniel Ford,49200468,M,The Borrowed Babies,Normal,8.75,2026-03-24,1915,Comedy
Christine Bridges,39669875,F,The Battles of a Nation,Normal,8.57,2025-09-03,1915,Documentary
Terri Mendoza,14674248,F,A Mother's Heart,Normal,7.72,2025-07-11,1914,Drama
Steven Dennis,99935022,M,Assunta Spina,3D,10.07,2025-12-02,1915,Drama
Courtney Hudson,22293389,F,The Life of Moses,Normal,6.35,2025-07-19,1909,"Biography,Drama,Family"
John Harris,39638741,M,The Criminal Code,3D,13.38,2025-09-12,1914,Drama
John Richard,57278531,M,What's His Name,3D,11.9,2025-05-31,1914,"Comedy,Drama"
Michelle Gates,43575679,F,The Devil,Normal,6.68,2025-10-20,1915,Drama
Adam Nichols,80600467,M,A Study in Scarlet,Normal,6.26,2026-04-12,1914,"Drama,Mystery"
Alejandra Hodge,82799280,F,Zwei Frauen,Normal,6.32,2025-08-23,1911,\N
Olivia Gomez,42182815,F,Livets konflikter,3D,11.81,2025-06-04,1913,Drama
Janet Richmond,73589043,F,L'infirmière,Normal,8.88,2026-01-02,1914,\N
Zoe Harris,32146676,F,The Connecticut Yankee,3D,11.44,2025-06-01,1910,\N
Richard Reed,33013172,M,The Dishonored Medal,3D,12.88,2025-07-16,1914,Adventure
William White,23289540,M,The Little Angel of Canyon Creek,3D,11.22,2025-11-09,1914,"Drama,Western"
Luis Hanson,71863560,M,Fiestas en Palafrugell,Normal,6.44,2026-02-05,1913,\N
Robin Campbell,89765486,F,El cuervo del campamento,Normal,6.09,2025-09-26,1914,\N
John Barry,21329740,M,A Factory Magdalen,Normal,8.24,2025-12-12,1914,Drama
Dana Phillips,77640783,F,The Greater Will,Normal,8.31,2025-08-22,1915,Drama
Robert Vang,27732954,M,The Perils of Pauline,3D,10.08,2025-05-12,1914,"Action,Adventure,Drama"
Morgan Martin,29660089,F,Die Eisbraut,Normal,6.18,2025-11-13,1913,\N
Erin Blair,53391995,F,Comrade John,Normal,7.42,2025-07-21,1915,Drama
Aaron Bush,98557229,M,Manon Lescaut,Normal,8.36,2025-06-11,1914,"Drama,Romance"
Donald Roberson,64093677,M,The Sparrow,3D,10.27,2025-05-12,1914,\N
Derrick Mcdonald,71929148,M,The Battle of Love,Normal,8.1,2025-12-29,1914,Drama
Mark Hanson,77378407,M,El león de la sierra,Normal,7.36,2025-11-27,1914,\N
Alexander Butler,48429650,M,Entre ruinas,Normal,7.8,2026-04-28,1914,\N
Spencer Harper,67408157,M,"The Life of Big Tim Sullivan; or, from Newsboy to Senator",3D,12.44,2026-01-25,1914,Drama
Jonathan Davis,44820680,M,A Balkan Episode,3D,11.04,2025-05-15,1911,\N
Dominique Hall,58964969,F,The Ordeal,3D,11.57,2025-09-11,1914,War
Edward Bates,50013258,M,A Modern Mephisto,Normal,7.09,2026-02-25,1914,\N
Sean Kelley,33765958,M,The Sign of the Cross,Normal,8.51,2025-08-02,1914,Drama
Nicholas George,81833721,M,Saints and Sorrows,3D,10.85,2026-01-28,1914,Drama
Keith Miller,44673732,M,A Black Sheep,Normal,8.15,2025-12-06,1915,Comedy
Erika Clark,63209137,F,Neptune's Daughter,Normal,8.78,2025-08-19,1914,Fantasy
Jason Hester,11569982,M,The Perils of Pauline,Normal,8.3,2025-08-11,1914,"Action,Adventure,Drama"
Brad Becker,91996763,M,Across America by Motor Car,3D,13.04,2026-02-06,1914,Documentary
Stephanie Valdez,17718682,F,"Forgiven; or, the Jack of Diamonds",Normal,6.4,2026-01-28,1914,Drama
Christine Larsen,86783488,F,The Legend of Provence,Normal,8.93,2025-06-19,1913,Drama
Brian Johnson,46757810,M,El signo de la tribu,3D,11.02,2026-04-20,1914,\N
Ryan Tate,77807977,M,The Lipton Cup: Introducing Sir Thomas Lipton,Normal,7.27,2025-09-22,1913,"Drama,Sport"
Christine Sanchez,62715760,F,Le nègre blanc,Normal,6.16,2026-02-28,1912,\N
Jacqueline Booth,74766817,F,Im Schützengraben,3D,12.99,2025-06-20,1914,\N
Andrea Wilson,61150575,F,A Florida Enchantment,Normal,6.02,2026-03-22,1914,Comedy
Amanda Smith,65867687,F,The Eagle's Mate,Normal,7.4,2026-02-01,1914,Drama
Heather Long,39159256,F,Neptune's Daughter,Normal,6.69,2025-06-05,1914,Fantasy
Danielle Malone,69249508,F,Sport and Travel in Central Africa,3D,11.25,2026-02-04,1914,"Adventure,Documentary"
Olivia Gamble,58236673,F,El fantasma del castillo,Normal,8.43,2025-08-01,1911,\N
Elizabeth White,98986795,F,'Twas Ever Thus,Normal,6.03,2025-08-01,1915,"Drama,War"
Daniel Patel,32710812,M,Judith of Bethulia,3D,12.49,2025-10-06,1914,Drama
Marissa Conway,68522260,F,Los dos hermanos,Normal,6.63,2026-04-07,1909,\N
Catherine Mcneil,59569398,F,The Tigress,3D,10.55,2025-07-02,1914,Drama
Wanda Gutierrez,74275866,F,The Beloved Adventurer,Normal,8.28,2025-07-29,1914,Adventure
Emily Burch,48701935,F,The Boer War,3D,12.23,2026-05-03,1914,Drama
Lindsey Kelley,63798460,F,The Long Arm of the Law,Normal,7.4,2025-11-25,1914,Adventure
Francisco Mullins,55617390,M,One Wonderful Night,Normal,8.99,2026-04-01,1914,"Crime,Drama"
Adam Nielsen,97960642,M,"His Majesty, the Scarecrow of Oz",Normal,6.02,2025-05-07,1914,"Adventure,Comedy,Family"
Joseph Daniels,92316043,M,The Minstrel Man,Normal,6.88,2025-09-16,1914,\N
Kathleen Johnson,46167705,F,The Tangle,Normal,6.73,2026-04-22,1914,"Drama,War"
Jessica Taylor,43993944,F,Jane Eyre,3D,13.26,2025-10-18,1914,Drama
Jill Foley,24141367,F,Tirol in Waffen,Normal,6.99,2025-10-22,1914,"Drama,War"
Cassandra Wall,11282857,F,The Story of the Kelly Gang,Normal,7.04,2026-01-14,1906,"Action,Adventure,Biography"
Jesse Mendoza,98984007,M,The Borrowed Babies,3D,13.69,2025-09-01,1915,Comedy
Sharon Reese,85587090,F,The Apaches of Paris,Normal,6.48,2025-08-30,1915,Drama
Jonathan Schwartz,24778235,M,The Crime and the Criminal,Normal,6.97,2025-10-30,1912,\N
Jason Wade,82688427,M,The Chorus Lady,Normal,6.36,2025-08-31,1915,"Comedy,Drama,Romance"
Megan Prince,12879872,F,Black Fear,Normal,7.97,2026-01-02,1915,Drama
Tamara Davis,58983855,F,"Les Misérables, Part 2: Fantine",Normal,7.69,2026-04-11,1913,Drama
Angel King,50743532,M,Hamlet,Normal,6.15,2025-12-03,1908,Drama
Angel King,50743532,M,Hamlet,Normal,6.15,2025-12-03,1910,Drama
Angel King,50743532,M,Hamlet,Normal,6.15,2025-12-03,1911,Drama
Angel King,50743532,M,Hamlet,Normal,6.15,2025-12-03,1913,Drama
Angel King,50743532,M,Hamlet,Normal,6.15,2025-12-03,1914,Drama
Shawn Francis,92945455,M,The Chechako,Normal,6.46,2025-10-29,1914,Drama
Caroline Taylor,82206319,F,Tortures Within Prison Walls,Normal,7.06,2026-02-10,1913,Drama
Laura Brown,96220449,F,Jess,Normal,8.01,2025-11-14,1914,Drama
Christopher Davis,15361161,M,"Captain Starlight, or Gentleman of the Road",3D,12.91,2025-11-29,1911,\N
Sheila Smith,16918243,F,A Daughter of the Sea,3D,10.27,2026-04-23,1915,Drama
Jamie Campbell,53255468,F,The Lure of New York,3D,10.61,2025-11-04,1913,Drama
Amy Valentine,38850149,F,The Convict Hero,Normal,6.38,2026-03-06,1911,Drama
Gabriel Farrell,40288417,M,"Wolfe; or, the Conquest of Quebec",Normal,7.48,2026-02-26,1914,"Drama,History"
Stephen Liu,78333050,M,"Ireland, a Nation",3D,10.15,2025-05-08,1914,"Drama,History"
Eric Braun,61724620,M,A 300 éves ember,Normal,7.36,2026-04-14,1914,\N
Robert Nguyen,18639534,M,Den sorte drøm,3D,10.5,2026-02-17,1911,Drama
Dr. Shawn Kerr,17661601,M,Ágyú és harang,Normal,6.27,2025-11-12,1915,\N
Anthony Meyer,95334009,M,The Man from Mexico,3D,11.44,2025-10-04,1914,Comedy
Kathleen Wilson,25962201,F,Anna Karenina,3D,13.55,2025-05-10,1914,Drama
Kathleen Wilson,25962201,F,Anna Karenina,3D,13.55,2025-05-10,1915,"Drama,Romance"
Margaret Lara,59292271,F,In the Bishop's Carriage,Normal,6.65,2026-03-29,1913,"Crime,Drama"
Zachary Miller,22590095,M,Divorced,Normal,6.42,2026-04-18,1915,Drama
Erica Henry,94438501,F,Magda,3D,12.71,2025-06-24,1912,\N
Jaime Elliott,40793992,F,Taking His Chance,3D,12.61,2026-04-27,1914,\N
Charles Wong,52201420,M,Bánk bán,Normal,6.7,2025-08-27,1915,\N
Craig Duran,97448887,M,La gitanilla,3D,10.54,2025-05-27,1914,\N
Benjamin Smith,11170703,M,The Carpet from Bagdad,Normal,7.07,2025-08-26,1915,Adventure
Scott Brooks,45381638,M,Die Insel der Seligen,3D,12.23,2025-10-27,1913,"Comedy,Fantasy"
Robert Knight,83456845,M,Saved in Mid-Air,3D,13.73,2026-03-26,1912,Drama
Jason Smith,94754617,M,Richelieu,3D,13.9,2025-05-15,1914,"Drama,History,Romance"
Patrick Hall,19047723,M,The Child of Paris,Normal,6.25,2025-08-24,1913,"Crime,Drama"
Jacqueline Beard,34762265,F,Zona de Incursões em Chaves,3D,11.32,2025-07-09,1912,\N
Anna Li,73974750,F,Gøngehøvdingen,Normal,8.83,2026-01-01,1909,"Drama,War"
Brenda Johnson,43423709,F,Camille,3D,10.31,2025-05-29,1912,"Drama,Romance"
Brenda Johnson,43423709,F,Camille,3D,10.31,2025-05-29,1915,Drama
Jose Stewart,94245700,M,Faldgruben,3D,11.66,2025-07-27,1909,\N
William Wilson,15225443,M,Lucha por la herencia,3D,13.07,2025-12-03,1911,\N
Melissa French,85249774,F,When Broadway Was a Trail,3D,13.69,2025-11-20,1914,"Drama,History"
Richard Larson,61283923,M,The Concealed Truth,3D,10.65,2025-10-02,1915,Drama
Cassandra Harris PhD,49560377,F,Amor de bestia,3D,13.23,2025-11-27,1912,\N
Kenneth Phillips,40119392,M,La deuda del pasado,3D,10.24,2026-03-03,1914,\N
Sherry Roberts,83248926,F,Evinrude,3D,13.28,2025-06-24,1913,"Crime,Drama"
Elizabeth James,92989549,F,The Next in Command,Normal,6.4,2025-11-11,1914,Adventure
Jerry Owens,95460049,M,Zona olivarera,Normal,7.35,2026-05-03,1914,Documentary
Wendy Carter,89505792,F,"Romani, the Brigand",3D,10.62,2025-05-26,1912,\N
Dustin Thomas,99583483,M,Viernes de dolores,Normal,6.07,2025-09-18,1909,\N
Kendra Watts,50055685,F,Uriel Acosta,Normal,8.83,2026-01-23,1914,"Biography,Drama,History"
Megan Robinson,47216225,F,"Ireland, a Nation",Normal,7.7,2026-04-07,1914,"Drama,History"
Robert Moore,59998242,M,McVeagh of the South Seas,Normal,7.92,2025-07-05,1914,Drama
Paul Montgomery,68139674,M,The Detective Queen,3D,10.29,2025-09-29,1914,Drama
Richard Fletcher,46748454,M,Clarita y Peladilla van a los toros,Normal,8.92,2026-02-04,1915,Comedy
Nathan Evans,14942991,M,Alias Jimmy Valentine,Normal,6.31,2025-10-11,1915,"Crime,Drama"
Molly Turner,28780978,F,A Chopin Nocturne,3D,13.9,2025-05-28,1913,Drama
Pamela Sharp,72368706,F,The Master Mind,Normal,6.75,2026-01-29,1914,"Crime,Drama"
Max Thomas,19980233,M,The Detective Queen,Normal,8.41,2025-06-30,1914,Drama
Ryan Baird,77472982,M,The Bartered Bride,Normal,6.29,2025-09-27,1913,\N
Megan Yang,24377355,F,The Loss of the Birkenhead,Normal,7.63,2026-01-31,1914,Drama
Kimberly Cowan,78722781,F,Dante's Inferno,3D,11.75,2026-03-16,1911,"Adventure,Drama,Fantasy"
Jacob Watson,44623126,M,La gitanilla,Normal,7.53,2025-08-02,1914,\N
Gina Andrews,67133996,F,L'infirmière,Normal,8.93,2025-08-12,1914,\N
Tammy Kramer,51147765,F,La luz que vuelve,Normal,7.41,2025-06-20,1913,\N
Paul Mckinney,43868831,M,The Last Days of Pompeii,Normal,7.29,2025-12-08,1913,"Adventure,Drama"
Christopher Diaz,38508731,M,Her Luck in London,Normal,8.66,2026-03-17,1914,"Crime,Drama"
William Hanson,56940213,M,Always in the Way,3D,12.48,2026-03-10,1915,Drama
Robert Chang,20548529,M,The House of Bondage,Normal,7.03,2025-10-28,1914,Drama
Robert Mejia,92678228,M,The Golem,Normal,8.89,2025-10-24,1914,Horror
Stephanie Mayer,23843119,F,Vicio y virtud,3D,10.83,2025-06-03,1911,\N
Paul Hart,23393508,M,The Chimes,3D,13.07,2026-02-04,1914,"Drama,Fantasy"
Tina Humphrey,61594254,F,Amor de bestia,Normal,6.5,2026-04-23,1912,\N
Martha Kerr,52056573,F,The Coquette,Normal,6.23,2026-03-04,1915,Drama
Daniel Garrett,82906248,M,The Last Egyptian,Normal,7.25,2025-05-20,1914,"Adventure,Drama,Romance"
Tina Summers DDS,49041485,F,The Master Mind,3D,13.6,2026-03-16,1914,"Crime,Drama"
Christopher Burch,64473626,M,The Poison Needle,3D,12.42,2025-08-12,1914,Drama
Miranda Gutierrez,95468561,F,The Battle of Gettysburg,Normal,6.1,2025-08-26,1913,"Drama,War"
Mary Rhodes,30331273,F,Love of Perdition,Normal,6.06,2025-12-29,1914,Drama
Timothy Johnson,64711632,M,A Black Sheep,Normal,8.74,2026-03-02,1915,Comedy
Jason Fisher,58546611,M,Aloha Oe,Normal,8.08,2025-09-20,1915,Drama
Danielle Austin,42263622,F,Zwei Frauen,3D,11.22,2026-01-14,1911,\N
Lindsay English,13190207,F,The Spy,3D,11.64,2026-03-15,1914,"Drama,War"
Alicia Holmes,97302511,F,Camille,Normal,8.34,2025-06-26,1912,"Drama,Romance"
Alicia Holmes,97302511,F,Camille,Normal,8.34,2025-06-26,1915,Drama
Heidi Griffin,15391898,F,El testamento de Diego Rocafort,3D,12.65,2026-02-01,1917,\N
Matthew Marshall,92332235,M,Ill Starred Babbie,3D,12.3,2025-09-01,1914,\N
Dennis Allen,70368832,M,Jack London's Adventures in the South Sea Islands,3D,10.56,2025-06-20,1913,Documentary
Jennifer Dennis,79563656,F,La última danza,3D,12.07,2026-03-30,1915,\N
Samantha Duncan,30862275,F,Kapergasten,Normal,8.29,2025-07-03,1910,Drama
Frank Baker,59220727,M,The Million Dollar Mystery,Normal,6.14,2025-09-13,1914,"Adventure,Mystery,Romance"
George Holmes,64355587,M,Barcelona bajo la nieve,3D,12.33,2026-02-26,1913,\N
Jennifer Chang,26625888,F,The Reign of Terror,3D,13.27,2025-09-28,1914,"Drama,History"
William Daniel,35556557,M,Aurora Leigh,3D,13.01,2026-04-08,1915,Drama
Sergio Graham,88619950,M,Blue Grass,Normal,7.98,2025-12-14,1915,Drama
Samuel Jones,60925624,M,Tess of the Storm Country,3D,12.88,2026-04-16,1914,Drama
Valerie Dunn,54744122,F,The Bridge of Sighs,3D,12.27,2026-03-19,1915,Drama
Erica Lewis,71099622,F,Leiria,3D,10.17,2026-04-21,1912,Documentary
April Oneal,65301501,F,John Barleycorn,3D,12.44,2025-09-05,1914,Drama
Todd Young,70065153,M,The Chocolate Soldier,Normal,8.07,2026-01-08,1914,"Comedy,Drama"
Rachael Gomez,21741496,F,The Pursuit of the Phantom,3D,14.0,2026-04-01,1914,Drama
John Potts,99889106,M,La mort du duc d'Enghien,3D,13.37,2025-06-28,1912,\N
Angel Butler,71520956,M,The Poison Needle,Normal,6.08,2025-07-22,1914,Drama
Nicholas Ellis,21510738,M,The Wishing Ring: An Idyll of Old England,3D,11.91,2025-08-10,1914,"Comedy,Drama,Romance"
Jessica Stewart,39571038,F,The Boundary Rider,3D,12.65,2026-02-04,1914,"Adventure,Crime"
Allen Webb,30714302,M,The College Orphan,3D,11.63,2026-03-24,1915,"Comedy,Drama"
Earl Morris,17249517,M,Los muertos hablan,3D,10.89,2026-01-16,1915,Drama
Peter Perkins,31761975,M,The Mystery of the Poison Pool,3D,10.8,2025-11-13,1914,Adventure
Gabriella Reed,69973573,F,Hearts United,Normal,6.09,2025-07-16,1914,Drama
Carl Prince II,16097394,M,Rosalinda,Normal,8.9,2025-09-25,1914,\N
William Martin DVM,37220264,M,L'infirmière,Normal,7.95,2026-03-04,1914,\N
Donna Miller,43746610,F,When Rome Ruled,Normal,7.34,2025-10-01,1914,Drama
Andrew Harris,17053886,M,The Battle of the Sexes,3D,13.53,2026-02-12,1914,Drama
Lee Fuller,13268919,M,A Record Hustle Through Foggy London,Normal,7.27,2025-11-10,1910,\N
Mary Mcknight,22862680,F,An Affair of Three Nations,3D,13.24,2025-07-23,1915,Mystery
Elizabeth Fleming,84218626,F,Excursión al Gombreny,3D,12.99,2025-08-24,1910,\N
Justin Bryan,60427459,M,Tess of the D'Urbervilles,3D,10.84,2025-09-19,1913,"Drama,Romance"
Sara Adams,61604447,F,El sello de oro,Normal,6.33,2025-11-14,1914,\N
Julie Hernandez,81097215,F,The Great Leap: Until Death Do Us Part,Normal,6.93,2026-03-27,1914,"Drama,Romance"
Kristy Simpson,24497096,F,The Climbers,Normal,7.0,2026-01-18,1915,Drama
Lori Jenkins,80502783,F,The Toll of Love,3D,11.02,2026-02-09,1914,Drama
Ryan Brooks,88700093,M,One Hundred Years of Mormonism,Normal,7.21,2026-03-23,1913,"Drama,History"
Tammy English,10889504,F,Su mismo juez,Normal,7.98,2026-03-23,1914,\N
Katherine Martin,22280282,F,Ten Nights in a Barroom,3D,11.94,2026-04-07,1913,Drama
Barbara Thompson,65018667,F,The Loss of the Birkenhead,Normal,8.79,2026-01-22,1914,Drama
Antonio Hall,83204166,M,Ingeborg Holm,3D,12.99,2025-07-28,1913,Drama
Susan Lambert,19969627,F,Damon and Pythias,3D,12.52,2025-10-13,1914,Drama
Stacy Lopez,14630689,F,The Coquette,3D,13.96,2025-11-18,1915,Drama
Shane Espinoza,96596710,M,Fire and Sword,Normal,8.42,2025-09-30,1914,Adventure
Renee Valdez,67331258,F,Miss Jerry,Normal,7.81,2026-04-07,1894,Romance
Steven Lowery,39598834,M,A Cultura do Cacau,3D,12.56,2026-02-04,1909,\N
Samantha Williams,36075032,F,Cortejo Cívico,Normal,6.87,2025-06-21,1911,\N
Richard Ruiz,71932590,M,Captivating Mary Carstairs,Normal,8.86,2025-09-27,1915,"Comedy,Romance"
Karen Bird,97388870,F,Barbara Frietchie,3D,13.14,2025-10-25,1915,Drama
Angela Hamilton,85498792,F,Beby y su circo,3D,10.63,2025-11-08,1915,Comedy
Hayley Bradley,58518526,F,The Adventures of Lieutenant Petrosino,3D,11.01,2026-01-26,1912,Drama
Todd Foster,24092554,M,The Greater Will,Normal,7.14,2025-05-13,1915,Drama
James Murphy,96285001,M,The Cheat,3D,13.62,2026-01-02,1915,"Drama,Romance"
Raymond Dickerson,58936204,M,La fuerza del destino,3D,11.7,2025-05-21,1913,\N
Mark Patrick,26859771,M,Tirol in Waffen,Normal,6.25,2026-01-08,1914,"Drama,War"
Peter Roberson,97086193,M,Blackbirds,3D,10.95,2026-05-03,1915,Drama
Jeremy Holmes,55862071,M,Leiria,Normal,8.82,2025-07-17,1912,Documentary
Ashley Hernandez,83841600,F,The Count of Monte Cristo,3D,11.82,2026-02-25,1913,"Drama,History"
James Torres,36713253,M,'Neath Austral Skies,3D,13.83,2026-04-02,1913,\N
Scott Campos,39736058,M,"Les Misérables, Part 1: Jean Valjean",Normal,8.74,2026-05-02,1913,Drama
Lori Gill,83131913,F,Aristocracy,3D,10.22,2025-07-19,1914,Drama
Daniel Garza,33951127,M,Calatayud en fiestas,Normal,7.14,2025-10-04,1914,Documentary
Jacob Williams,73296393,M,Captain Courtesy,3D,11.74,2025-07-28,1915,"Action,Drama,History"
Melissa Lewis,64947619,F,A Butterfly on the Wheel,3D,13.28,2026-04-08,1915,Drama
Jennifer Zimmerman,29441743,F,Fiestas en Palafrugell,Normal,7.45,2026-03-31,1913,\N
Briana Wood,82463156,F,Bondwomen,3D,13.48,2025-11-08,1915,Drama
Brandon Perkins,29094461,M,The Mysterious Man of the Jungle,3D,13.65,2025-10-26,1914,Adventure
Veronica Cunningham,86974629,F,The Black Chancellor,3D,11.94,2025-11-25,1912,Drama
Thomas Hatfield,85600742,M,The Clue,Normal,6.06,2025-11-15,1915,Drama
John Allen,52282305,M,1915 World's Championship Series,3D,13.65,2026-03-23,1915,"Documentary,Sport"
Brian Hall,25145151,M,Niños en la alameda,3D,12.62,2025-09-05,1909,\N
Laura Fischer,31635068,F,Trampa y cartón,Normal,6.4,2025-05-25,1913,\N
William Rodriguez,90657326,M,Life in a Western Penitentiary,Normal,6.23,2025-06-07,1914,Documentary
Paula Hooper,36643377,F,Chimmie Fadden Out West,3D,13.18,2026-05-03,1915,"Comedy,Western"
Vanessa Sparks,56779753,F,Paid in Full,Normal,8.11,2025-09-07,1914,Drama
Amber Paul,57681956,F,Hearts United,Normal,6.91,2026-03-05,1914,Drama
Sydney Hudson,50531147,F,Das Geschenk des Inders,Normal,7.26,2025-10-08,1914,\N
Shannon Lopez,10319369,F,Luchtkastelen,Normal,6.66,2026-03-24,1914,Drama
Robert Willis,19175710,M,La deuda del pasado,3D,13.08,2025-06-05,1914,\N
Michael Soto,96212127,M,Threads of Destiny,Normal,7.06,2025-11-26,1914,Drama
William Hunter,76384073,M,The Unwelcome Mrs. Hatch,3D,13.23,2025-09-17,1914,Drama
Amy Edwards,24863654,F,China,3D,11.82,2025-05-28,1915,Documentary
John Benjamin,78883880,M,Menneskedyret,3D,13.16,2026-01-15,1911,\N
Antonio Sandoval,67933268,M,Mrs. Wiggs of the Cabbage Patch,3D,12.18,2026-04-18,1914,Drama
Luis Patrick,31115897,M,The Wishing Ring: An Idyll of Old England,Normal,8.43,2025-05-14,1914,"Comedy,Drama,Romance"
Christopher Blair,59472815,M,Gira política de Madero y Pino Suárez,3D,10.7,2026-04-29,1909,\N
Sandra Brewer,45464874,F,Grandes regatas en Barcelona,3D,12.87,2025-05-08,1914,Documentary
Paige Johnson,98156276,F,Den sorte drøm,Normal,7.62,2025-06-30,1911,Drama
Jonathan Clark,84230280,M,The Bridge of Sighs,Normal,7.98,2025-11-09,1915,Drama
Jamie Ramirez,99600799,M,Wildflower,3D,12.21,2026-02-16,1914,"Drama,Romance"
Sheila Ford,68663457,F,Cardinal Richelieu's Ward,3D,10.17,2025-06-07,1914,Drama
Daniel Clark,59575909,M,Fantomas: The Man in Black,Normal,7.14,2026-01-19,1913,"Crime,Drama"
Daniel Stewart,14837367,M,The Battle of the Sexes,Normal,8.89,2025-11-28,1914,Drama
Elizabeth Rice,40394590,F,Den sorte familie,3D,12.44,2025-08-03,1914,\N
Stephanie Erickson,29208342,F,Michael Strogoff,3D,12.14,2025-11-22,1914,Drama
Danny Robles,87922156,M,Donde las dan las toman,3D,13.23,2025-10-10,1916,Comedy
Joseph Hoffman,57208395,M,The Toll of Mammon,Normal,7.92,2025-08-12,1914,Drama
Brian Smith,56496475,M,Das Geschenk des Inders,3D,11.56,2025-11-20,1914,\N
Michael Hester,85268477,M,Los marinos de papel,3D,13.91,2025-06-12,1913,\N
Shawna Young,27537448,F,Linito quiere ser torero,Normal,7.43,2025-07-25,1914,Comedy
Lauren Bishop,41495086,F,Fiestas en La Garriga,Normal,8.15,2026-03-31,1909,\N
William Cook,57580613,M,For Freedom of Cuba,3D,10.34,2025-11-02,1912,\N
Bobby Kennedy,25587807,M,From the Manger to the Cross,3D,13.98,2025-05-22,1912,"Biography,Drama"
Hannah Smith,66340627,F,The Life of Moses,Normal,7.32,2025-12-27,1909,"Biography,Drama,Family"
Kenneth Stewart,83383318,M,The Brink,3D,11.88,2025-05-15,1915,"Crime,Drama"
Brianna Woods,58418310,F,The Dollar Mark,3D,13.1,2026-02-11,1914,Drama
Jack Mitchell,40390637,M,Born Again,3D,10.6,2025-09-25,1914,Drama
Joseph Avila,28334387,M,The Black Diamond,3D,11.31,2026-03-10,1913,\N
Cristina Lutz,17302593,F,La conspiration des drapeaux,3D,10.18,2026-04-22,1912,\N
Jeremy Rivera,96968729,M,The Idler,Normal,8.34,2025-11-20,1914,Drama
Louis Villegas,38008263,M,The Black Diamond,3D,13.12,2026-04-27,1913,\N
Paul Smith,27608340,M,Sapho,Normal,7.74,2025-10-27,1913,Drama
Tamara Cobb,79605280,F,The Sin of a Woman,Normal,6.38,2025-05-14,1912,\N
Jose Holden,41405094,M,Joseph and His Coat of Many Colors,Normal,8.1,2025-05-08,1914,Drama
Karen Burns,43420938,F,The Pursuit of the Phantom,Normal,8.74,2026-01-08,1914,Drama
Laura Lewis,78892721,F,The Country Mouse,3D,12.04,2025-10-04,1914,Comedy
Kelly Flores,96277435,F,Thais,Normal,7.57,2026-03-15,1914,Drama
Abigail Strickland,69959639,F,Sport and Travel in Central Africa,3D,12.1,2025-12-31,1914,"Adventure,Documentary"
Robin Moore MD,36316386,F,The Fringe of War,Normal,7.6,2025-11-28,1914,"Drama,War"
Sheila Richards,95713095,F,The Traitress,Normal,7.18,2025-08-22,1911,Drama
Tiffany Banks,92041615,F,The Life and Death of King Richard III,Normal,7.96,2025-10-27,1912,Drama
Travis Carter,10919686,M,Smashing the Vice Trust,3D,10.04,2025-12-03,1914,"Crime,Drama"
Michael Goodwin,15702352,M,DuBarry,Normal,8.39,2025-12-16,1915,"Drama,History"
Karen Andrews,77618361,F,Body and Soul,3D,13.45,2025-07-04,1915,Drama
Erika Cole,42949992,F,Children of the Ghetto,Normal,8.53,2026-01-22,1915,Drama
Franklin Nash,45748430,M,Arizona,Normal,6.77,2025-05-05,1913,"Drama,Western"
Austin Carter,29619781,M,The Judge's Wife,Normal,7.29,2025-10-20,1914,Drama
Rachel Rowe,37451647,F,"The Pendleton, Oregon, Round-Up",3D,13.45,2025-11-08,1913,Documentary
Daniel Macdonald,56901521,M,Seal Hunting in Newfoundland,Normal,8.23,2026-04-01,1912,Documentary
Rhonda Brown,58803682,F,0-18 or A Message from the Sky,3D,10.52,2025-11-11,1914,"Crime,Drama"
Eric King,89903591,M,Authentic European War,Normal,8.89,2026-05-03,1915,Documentary
Gregory Green,72713441,M,The Indian Wars,3D,11.29,2025-05-13,1914,"Biography,Drama,History"
Becky Brown,79274929,F,Die Sumpfblume,3D,12.56,2025-07-20,1913,\N
Emma Schroeder,35882557,F,La malquerida,3D,10.1,2026-04-17,1914,\N
Christopher Miller,83415213,M,Revolução de 5 de Outubro,Normal,8.79,2026-02-13,1910,Documentary
Shaun Casey,12693937,M,Julius Caesar,3D,11.1,2026-02-15,1914,"Drama,History"
Matthew Hamilton,74941096,M,El regalo de bodas,3D,13.07,2025-07-20,1914,\N
Diana Romero,68001322,F,The Fortune Hunter,3D,10.9,2026-03-17,1914,Comedy
Steven Price,89498105,M,The Despoiler,3D,13.02,2025-11-25,1915,"Drama,War"
Shelly Rivera,71321841,F,Rainey's African Hunt,Normal,6.26,2025-06-29,1914,Documentary
Tyler Barton,27790464,M,Oliver Twist,Normal,7.14,2025-10-17,1912,Drama
Tyler Barton,27790464,M,Oliver Twist,Normal,7.14,2025-10-17,1912,Drama
Sara Ortiz,58859043,F,The Golden West,Normal,8.17,2025-05-13,1911,\N
Mark Jenkins,82376322,M,The Unwelcome Mrs. Hatch,Normal,7.94,2025-06-09,1914,Drama
Sean Knight,11261596,M,Don Quijote,3D,11.33,2026-05-01,1908,Drama
Cheryl Graves,36986781,F,The Invisible Power,3D,12.4,2026-01-21,1914,Drama
Dana Roberts,61767498,F,O Embarque das Tropas Expedicionárias para Angola e Moçambique,Normal,6.25,2026-03-23,1914,Documentary
Michaela Sweeney,84600074,F,Arme Eva,Normal,7.3,2025-10-03,1916,Drama
Gregory Hall DVM,69067119,M,El sello de oro,Normal,8.63,2025-08-05,1914,\N
Cindy Romero,57686722,F,Manon Lescaut,Normal,7.91,2025-10-03,1914,"Drama,Romance"
Nicholas Lawson,46769982,M,"Destiny: or, the Soul of a Woman",Normal,8.63,2025-12-23,1915,Drama
John Clark,31985439,M,The Dancing Girl,Normal,7.65,2025-06-03,1915,Drama
Alexa Miller,80228264,F,Such a Little Queen,3D,12.73,2026-01-27,1914,"Comedy,Drama,Romance"
Louis Thomas,25746109,M,Alone in New York,3D,11.45,2025-09-25,1914,"Crime,Drama"
Chad Stein,98760436,M,Rainha Depois de Morta Inês de Castro,Normal,7.14,2025-05-21,1910,"Drama,History"
Travis George,14519351,M,Un drama en la montaña,3D,13.62,2026-04-23,1914,\N
Jennifer Floyd,11543096,F,St. Elmo,3D,12.42,2026-01-24,1914,Drama
Yvonne Hines,15973708,F,The Million Dollar Mystery,3D,10.29,2025-10-11,1914,"Adventure,Mystery,Romance"
Kristine Hayes,91011302,F,Dan,3D,10.66,2025-12-14,1914,"Drama,War"
Andrea Vargas,82209531,F,The Lipton Cup: Introducing Sir Thomas Lipton,3D,10.44,2026-04-04,1913,"Drama,Sport"
Audrey Gibson,30523511,F,Don Quixote,Normal,7.44,2026-03-04,1915,Drama
Jennifer Anderson,46056153,F,With General Pancho Villa in Mexico,Normal,6.72,2025-05-26,1913,\N
Barry Wood,96314725,M,The Birthmark,Normal,6.3,2025-09-26,1915,Drama
Jeffery Roberts,15500043,M,The Wolf,3D,10.02,2026-01-27,1914,Drama
James Garcia,30573740,M,Doc,3D,10.27,2025-07-27,1914,"Drama,Western"
Tyler Cole,61025105,M,I kammerherrens klæder,Normal,6.99,2026-02-02,1914,Comedy
Ryan Lawson,88214484,M,The Gamblers,3D,10.73,2025-11-01,1914,Drama
Timothy Ray,86447968,M,Arme Eva,Normal,8.76,2025-05-13,1916,Drama
Brooke Brown,36856105,F,The Life of Moses,Normal,6.32,2025-08-04,1909,"Biography,Drama,Family"
Jose Moore,76824955,M,Saved in Mid-Air,3D,11.76,2025-06-01,1912,Drama
Michele Nelson,18897472,F,Ten Nights in a Barroom,3D,10.47,2026-02-15,1913,Drama
Frank Brown,89289154,M,Tess of the Storm Country,3D,10.07,2026-02-03,1914,Drama
Brandon Allen,50321060,M,Even Unto Death,Normal,6.01,2025-07-02,1914,Drama
Christine Young,64132283,F,Traffic in Souls,3D,10.64,2025-11-21,1913,"Crime,Drama"
Courtney Smith,57228128,F,Shannon of the Sixth,3D,11.58,2026-03-20,1914,"Drama,War"
Pamela Washington,45634443,F,El modelo de virtudes,3D,12.07,2025-09-30,1913,\N
Rachel Stephens,97377937,F,The Criminal Path,3D,10.89,2026-03-21,1914,"Crime,Drama"
Jessica Butler,61992264,F,Seal Hunting in Newfoundland,Normal,6.89,2025-08-04,1912,Documentary
Patrick Kelly,13681002,M,Chinatown Pictures,3D,11.97,2025-08-27,1915,\N
Jerry Lopez,80203495,M,Britain Prepared,3D,11.19,2025-10-02,1915,War
Stacy King,46655229,F,Ungarische Rhapsodie,Normal,8.58,2025-08-19,1913,\N
Daniel Dixon,51295865,M,The Cheat,Normal,8.75,2025-12-31,1915,"Drama,Romance"
Tracy Lopez,29738073,F,"The World, the Flesh and the Devil",3D,10.42,2026-02-26,1914,"Crime,Drama"
Juan Harris,23736005,M,Black Fear,3D,10.73,2026-01-20,1915,Drama
Kelly Horn,32632396,F,The Envoy Extraordinary,Normal,7.65,2026-03-17,1914,Drama
Thomas Ward,63468649,M,Pierre of the Plains,3D,13.02,2025-05-04,1914,Drama
Amy Ferguson,98059478,F,I kammerherrens klæder,3D,11.82,2026-02-07,1914,Comedy
Daniel Martin,60138390,M,The Mystery of the Diamond Belt,Normal,8.11,2026-04-03,1914,"Crime,Drama"
Dr. Jane Lopez,36578733,F,Das Geschenk des Inders,3D,12.46,2025-08-09,1914,\N
Cory Meyer,51243095,M,The Bachelor's Romance,3D,10.1,2026-02-22,1915,"Comedy,Drama,Romance"
Victor Galvan,19515187,M,Your Girl and Mine: A Woman Suffrage Play,Normal,7.55,2026-02-13,1914,Drama
Melissa Ball,36487262,F,Beating Back,Normal,6.25,2025-09-14,1914,"Adventure,Biography,Drama"
Jeffery Mason,15100628,M,Ágyú és harang,Normal,7.37,2025-08-02,1915,\N
Tony Jones,28231670,M,The Fight for Millions,Normal,8.16,2025-05-20,1913,Drama
Regina Graham,94599495,F,The Lure of New York,Normal,6.93,2025-09-14,1913,Drama
Jason Thomas,36414894,M,A Woman Who Did,3D,10.35,2025-11-01,1914,Drama
Kelsey Garza,18601105,F,Adoptivkind,Normal,7.8,2025-05-15,1914,\N
Rhonda Brock,18137359,F,The Brand,3D,10.87,2025-07-14,1911,\N
Amy Harris,49924772,F,The Nightingale,3D,11.23,2025-05-09,1914,"Crime,Drama"
Richard Preston,30384522,M,Los Pirineos de Port-Bou a Andorra,Normal,6.07,2025-12-21,1912,\N
Heather Morales,32685485,F,Sixty Years a Queen,Normal,6.6,2025-09-14,1913,Biography
Jacob Atkinson,20251505,M,DuBarry,3D,13.75,2026-02-04,1915,"Drama,History"
Crystal Williamson,67494338,F,The Painted World,3D,12.26,2026-02-01,1914,Drama
Olivia Washington,90741656,F,A Child of the Prairie,Normal,6.62,2025-06-27,1915,"Drama,Western"
Paul Clarke,70922568,M,At the Torrent's Mercy,3D,11.61,2025-07-30,1915,Drama
Steven Dominguez,67390669,M,Jane Eyre,3D,13.43,2026-02-27,1914,Drama
Brianna Hill,85325054,F,A Study in Scarlet,Normal,8.79,2026-02-15,1914,"Drama,Mystery"
Allison Horne,74040261,F,Hypocrites,3D,11.92,2025-05-13,1915,"Drama,Fantasy"
Courtney Lawson,12987363,F,The Dollar Mark,Normal,8.49,2026-04-08,1914,Drama
Tanya Brown,98061162,F,Armstrong's Wife,Normal,6.61,2025-08-12,1915,Drama
Diane Lewis,66492474,F,Born Again,3D,10.33,2025-05-18,1914,Drama
Dr. Jacqueline Sanchez,12891119,F,Le bagnard,3D,13.21,2025-08-23,1912,\N
Travis Hess,70564031,M,The Cub,Normal,7.76,2025-05-07,1915,"Comedy,Drama"
Megan Torres,44470118,F,The Call of the North,3D,10.02,2026-02-07,1914,"Adventure,Drama"
Julia Moreno,31221267,F,Black Fear,3D,12.78,2026-04-07,1915,Drama
Travis Fuentes,30605084,M,Il trovatore,3D,12.77,2025-09-29,1914,Drama
Barbara Sampson,15174620,F,Battle of Gettysgoat,Normal,8.27,2025-06-21,1914,Comedy
Eileen Lewis,49509714,F,Gatans barn,3D,11.02,2025-11-27,1914,Drama
Jeremy Carter,93129045,M,The Butterfly,Normal,6.77,2025-09-10,1910,\N
Jeremy Carter,93129045,M,The Butterfly,Normal,6.77,2025-09-10,1915,Drama
Amanda Travis,70386629,F,Thais,3D,12.85,2026-04-10,1914,Drama
Jeremy Peters,38658134,M,Zigomar contre Nick Carter,Normal,6.33,2025-05-21,1912,"Crime,Thriller"
Natalie Salazar,96412137,F,Anny - Story of a Prostitute,Normal,7.87,2026-01-06,1912,"Drama,Romance"
Dominique Hill,57832980,F,The Butterfly,3D,13.56,2026-04-20,1910,\N
Dominique Hill,57832980,F,The Butterfly,3D,13.56,2026-04-20,1915,Drama
Kathryn Campbell,55456355,F,Viernes de dolores,3D,11.3,2025-12-25,1909,\N
Christine Rivera,82754665,F,The Rattlesnake,3D,11.99,2026-03-25,1913,"Drama,Western"
Anthony Abbott,10368324,M,Joseph in the Land of Egypt,Normal,6.27,2025-05-15,1914,Drama
Terri Lane,95357824,F,The Fortune Hunter,Normal,8.72,2026-01-02,1914,Comedy
Barbara Floyd,48478050,F,La mort du duc d'Enghien,Normal,7.26,2025-07-25,1912,\N
Kenneth Dennis,15547535,M,Der fremde Vogel,3D,10.28,2026-01-09,1911,\N
Aaron Kaiser,99762747,M,What Is to Be Done?,Normal,8.54,2025-07-12,1914,Drama
Dylan Clark,77947478,M,The Price He Paid,3D,11.27,2026-03-21,1914,\N
Justin Perry,78331395,M,The Alaska-Siberian Expedition,Normal,6.11,2026-03-05,1912,Documentary
Amy Smith,59506928,F,The Little Angel of Canyon Creek,3D,11.5,2025-10-22,1914,"Drama,Western"
Danny Dunn,54546982,M,Die Landstraße,3D,10.88,2026-04-03,1913,\N
James Alvarado,11699606,M,The Orphan,3D,12.69,2025-10-09,1913,\N
Ronald Baker,16547305,M,The Four Poster Pest,Normal,8.23,2025-10-14,1911,\N
Felicia Zavala,25061059,F,The Swagman's Story,Normal,7.16,2025-10-24,1914,\N
Erika Martin,91852412,F,Courtmartialed,3D,11.09,2025-09-07,1915,Drama
Barry Anderson,32756320,M,Samson,Normal,7.27,2026-03-08,1914,Drama
Joseph Floyd,24267186,M,The Devil's Daughter,Normal,6.37,2025-07-09,1915,Drama
Carlos Ho,82156434,M,Two of the Boys,3D,12.73,2025-07-15,1909,\N
Crystal Jacobson,11019493,F,The Infant at Snakeville,3D,12.73,2025-07-07,1911,\N
Shelby Mullins,29853776,F,Lena Rivers,Normal,8.3,2025-06-23,1914,Drama
Shelby Mullins,29853776,F,Lena Rivers,Normal,8.3,2025-06-23,1914,Drama
Amanda Gray,83976175,F,From Dusk to Dawn,3D,13.34,2026-03-23,1913,Drama
Dakota Mcfarland,55216684,M,The Old Armchair,3D,10.96,2025-12-20,1913,\N
Jennifer Parker,19548139,F,The Perils of Pauline,3D,13.1,2025-12-10,1914,"Action,Adventure,Drama"
Matthew Powers,74017604,M,Heilig recht,Normal,8.43,2025-07-26,1914,Drama
Sean Graham,71537697,M,L'aluminite,Normal,8.43,2025-11-18,1910,\N
Jason Hunt,33848645,M,Il trovatore,3D,13.37,2025-11-18,1914,Drama
Mary Jenkins,23481900,F,David Harum,3D,11.09,2026-04-26,1915,"Comedy,Drama,Romance"
Jose Ward,16945508,M,The War Extra,3D,11.36,2026-02-26,1914,"Drama,History,War"
Barbara Smith,93092331,F,The Fatal Night,3D,10.36,2026-04-13,1914,"Drama,History"
Ashley Scott,88934703,F,The Man Who Could Not Lose,3D,11.79,2025-05-08,1914,Drama
Sherry Evans,97621727,F,"Price of Treachery; Or, The Lighthouse Keeper's Daughter",Normal,7.42,2026-03-24,1914,Drama
Richard Morris,62948033,M,Hamlet,3D,12.17,2026-03-31,1908,Drama
Richard Morris,62948033,M,Hamlet,3D,12.17,2026-03-31,1910,Drama
Richard Morris,62948033,M,Hamlet,3D,12.17,2026-03-31,1911,Drama
Richard Morris,62948033,M,Hamlet,3D,12.17,2026-03-31,1913,Drama
Richard Morris,62948033,M,Hamlet,3D,12.17,2026-03-31,1914,Drama
Eric Buckley,65721919,M,La luz que vuelve,3D,11.09,2026-03-12,1913,\N
Timothy Banks,33259699,M,El modelo de virtudes,Normal,8.55,2025-11-05,1913,\N
Sydney Wheeler,43322571,F,In the Prime of Life,3D,11.03,2025-11-08,1911,Drama
Nicole Johnson,22688570,F,The Devil,Normal,7.98,2026-04-16,1915,Drama
Claire Owen,14456613,F,Shannon of the Sixth,Normal,7.41,2025-11-26,1914,"Drama,War"
Cheryl Bowman,51506458,F,The War Extra,3D,13.01,2026-02-21,1914,"Drama,History,War"
Steven Smith,51464085,M,The Colonel's Son,3D,11.67,2025-05-05,1912,\N
John Mejia,50913365,M,War Is Hell,3D,11.22,2026-04-19,1914,"Drama,War"
Kim Atkins,21117203,F,'Round the World in 80 Days,3D,12.4,2025-06-11,1914,Adventure
Phillip Johnson,46795398,M,A Continental Girl,3D,10.74,2026-04-14,1915,"Drama,War"
William Weiss,67267417,M,Hearts of Oak,3D,10.99,2025-09-20,1914,Drama
Meghan Cohen,33781734,F,Corrida de toros en Calatayud,Normal,8.66,2025-10-04,1913,\N
Arthur Lopez,14869724,M,Sealed Orders,Normal,8.63,2025-06-30,1914,"Drama,Mystery"
Keith Burton,81566765,M,The Alaska-Siberian Expedition,Normal,7.69,2025-09-13,1912,Documentary
Travis Rodriguez,94661738,M,The Pride of Jennico,3D,13.79,2026-03-29,1914,Drama
Alexandra Sanchez,98750354,F,The Firefly,Normal,7.74,2026-04-18,1913,Drama
Michael Li,65229413,M,Shadows of the Moulin Rouge,3D,11.18,2026-04-24,1913,Drama
Ashley Barnett,84511346,F,Cardinal Richelieu's Ward,3D,12.64,2025-09-21,1914,Drama
Gina Fletcher,85788839,F,Jess of the Mountain Country,Normal,8.87,2026-01-29,1914,Drama
Lisa Hurley,95120545,F,Conscience,3D,11.28,2025-10-09,1917,Drama
John Ward,96283850,M,Battle of Gettysgoat,3D,13.44,2025-11-13,1914,Comedy
Joshua Tyler,37916989,M,Business Is Business,Normal,7.93,2025-10-06,1915,Drama
Megan Johnson,39397764,F,The Million,Normal,7.84,2025-11-11,1914,"Comedy,Drama"
Julia Brown,96053443,F,Der Eid des Stephan Huller,3D,13.88,2026-01-04,1912,\N
Kevin Rhodes,89077161,M,Smashing the Vice Trust,Normal,7.94,2025-09-29,1914,"Crime,Drama"
Jacqueline Hale,59509505,F,The Heir to Skjoldborg,Normal,9.0,2025-09-06,1914,Drama
Elizabeth Smith,11688883,F,Ingeborg Holm,Normal,6.26,2025-08-22,1913,Drama
William Wyatt,87361663,M,Captivating Mary Carstairs,Normal,7.16,2026-04-09,1915,"Comedy,Romance"
Jacob Williams,54122002,M,The Path Forbidden,3D,11.32,2025-10-02,1914,Drama
Jonathan Carter,78217378,M,The Envoy Extraordinary,3D,13.03,2025-09-07,1914,Drama
Roy Graham,92573353,M,Vendetta,3D,13.86,2026-04-06,1914,Drama
Jenny Davis,79832068,F,La vida en el campamento,Normal,6.98,2026-03-24,1909,\N
Sean Ball MD,56612175,M,Ill Starred Babbie,3D,13.44,2026-04-26,1914,\N
Crystal Cook,91520976,F,Beneath the Czar,Normal,6.81,2025-08-31,1914,Drama
Mark King,68519105,M,Butter,3D,13.63,2025-06-24,1916,\N
Diane Harding,33528969,F,I kammerherrens klæder,3D,12.53,2025-12-19,1914,Comedy
Michael Bowers,23629548,M,East Lynne,Normal,8.26,2026-04-18,1913,Drama
Anthony Powell,10264213,M,The Prodigal Daughter,3D,12.07,2026-01-14,1912,\N
Christina Mitchell,58160464,F,Officer 666,Normal,7.9,2025-10-05,1914,Comedy
Christine Berg,84011935,F,The Book of Nature,3D,13.15,2025-06-02,1914,Documentary
Rachel Malone,25079828,F,Hypocrites,3D,11.39,2025-05-11,1915,"Drama,Fantasy"
Barbara Smith,37112087,F,The Detective Queen,3D,13.69,2025-07-26,1914,Drama
Tracy Robinson MD,33270361,F,The Royal Box,Normal,8.57,2025-11-25,1914,Drama
Carlos Guzman,47333459,M,The Secret of the Mountain,3D,12.16,2026-04-22,1915,Drama
William Powell,41174672,M,Trapped in the Great Metropolis,Normal,7.9,2025-09-05,1914,Drama
Nicholas Roberts,25213614,M,Fantômas: In the Shadow of the Guillotine,3D,12.9,2025-07-06,1913,"Crime,Drama"
Frank Cobb,77048710,M,Who Will Marry Mary?,Normal,8.72,2025-06-23,1913,"Action,Adventure"
Stephanie Ryan,34096590,F,"Herrerín y Ballesteros, en Alagón",Normal,8.54,2026-02-06,1913,\N
Dillon Jennings,17075453,M,El testamento de Diego Rocafort,3D,13.26,2025-07-05,1917,\N
Charles King,17052217,M,Authentic European War,3D,12.49,2026-03-09,1915,Documentary
John Bailey,18603457,M,El signo de la tribu,3D,11.21,2025-08-06,1914,\N
James Good,18332198,M,East Lynne,3D,12.7,2025-07-30,1913,Drama
Beth Jones,52812829,F,Jess of the Mountain Country,Normal,6.86,2025-06-07,1914,Drama
Denise Shelton,84807360,F,The Black Diamond,3D,11.83,2025-10-12,1913,\N
Louis Crosby DDS,95112016,M,Menneskedyret,3D,13.75,2026-01-13,1911,\N
Jeffrey Marquez,17710185,M,A Sister to Carmen,3D,12.86,2026-02-18,1913,Drama
Erica Jackson,13559373,F,Assunta Spina,3D,12.78,2025-06-18,1915,Drama
Stephanie Day,60775065,F,The Butterfly,3D,11.6,2025-11-14,1910,\N
Stephanie Day,60775065,F,The Butterfly,3D,11.6,2025-11-14,1915,Drama
Eric Archer,39419981,M,Lola,Normal,6.18,2026-02-17,1914,Drama
Edward Calhoun,70795409,M,The Butterfly,Normal,7.42,2025-10-13,1910,\N
Edward Calhoun,70795409,M,The Butterfly,Normal,7.42,2025-10-13,1915,Drama
Tracy Clark,10269122,F,The Tangle,3D,10.42,2025-11-09,1914,"Drama,War"
Scott Lambert,40172054,M,The Pit,3D,10.22,2025-08-04,1914,Drama
Eric Smith,36534932,M,Escaped from Siberia,3D,13.66,2025-07-12,1914,Drama
Laurie Cruz,54946003,F,Your Girl and Mine: A Woman Suffrage Play,3D,12.86,2026-03-01,1914,Drama
Debra Mason,66620627,F,The Silence of Dean Maitland,3D,10.57,2025-05-16,1914,Drama
Gregory Davis,15371339,M,"Ireland, a Nation",Normal,7.85,2025-05-06,1914,"Drama,History"
Joan Kelly,32636197,F,The Dishonored Medal,3D,13.3,2025-08-10,1914,Adventure
Michael Bailey,64322246,M,The Land of the Lost,Normal,8.56,2026-03-31,1914,Drama
James Williams,94812880,M,Taking His Chance,3D,12.26,2026-04-17,1914,\N
Timothy Thompson,16012128,M,The Flying Circus,3D,12.57,2025-07-15,1912,Drama
Derrick Moore,26432865,M,Gøngehøvdingen,3D,11.3,2025-12-09,1909,"Drama,War"
Dawn Robinson,82025390,F,Behind the Scenes,3D,10.87,2025-05-04,1914,Drama
Matthew Bennett,83914573,M,The Great Leap: Until Death Do Us Part,Normal,8.05,2025-12-01,1914,"Drama,Romance"
John Brennan,82603770,M,El pobre Valbuena,Normal,7.73,2025-08-28,1910,\N
Michael Anderson,11512176,M,A Cultura do Cacau,Normal,7.18,2025-12-25,1909,\N
Jennifer Davis,12870050,F,The Student of Prague,3D,12.74,2025-07-27,1913,"Drama,Fantasy,Horror"
Robert Barr,79343582,M,Ivanhoe,Normal,6.7,2025-11-17,1913,"Adventure,Drama,Romance"
Tammy Lewis,93399192,F,Burning Daylight: The Adventures of 'Burning Daylight' in Alaska,3D,11.24,2025-11-10,1914,"Adventure,Drama"
Crystal Hughes,65655141,F,Judge Not,Normal,7.71,2025-09-05,1914,Drama
Mindy Wilson,57361642,F,The Littlest Rebel,Normal,6.93,2025-12-14,1914,"Drama,War"
Veronica Hopkins,36945081,F,Gatans barn,Normal,6.44,2025-08-05,1914,Drama
Lori Fisher,46305612,F,Verkannt,Normal,8.38,2025-07-11,1912,\N
David Stein,64128672,M,At the Cross Roads,3D,10.11,2025-09-29,1914,Drama
Larry Jenkins,95080633,M,The Three of Us,3D,10.36,2025-10-05,1914,Drama
Andrew Smith,61600174,M,Pommy Arrives in Australia,Normal,8.41,2025-10-19,1913,Comedy
Tammy Russell,16540502,F,At the Cross Roads,3D,11.25,2026-04-10,1914,Drama
Amber Johnson,51641117,F,Shore Acres,3D,10.38,2025-05-05,1914,Drama
Joshua Ramirez,94868110,M,Are You a Mason?,Normal,8.56,2026-02-18,1915,Comedy
Erica Davis,86216595,F,The Secret of the Well,Normal,6.76,2026-04-23,1914,\N
Mackenzie Stewart,91993794,F,The Toll of Mammon,3D,12.41,2026-03-29,1914,Drama
Carol Torres,51908266,F,The Clod,Normal,7.44,2026-04-08,1912,\N
Hunter Morgan,74131755,M,The Butterfly,Normal,6.68,2025-08-01,1910,\N
Hunter Morgan,74131755,M,The Butterfly,Normal,6.68,2025-08-01,1915,Drama
Krista Mcintyre,62039630,F,A Tourada dos Casimiros,3D,13.9,2025-06-25,1913,Documentary
Shelley Harris,62461972,F,The Devil's Daughter,3D,13.77,2026-02-11,1915,Drama
Billy Delgado,83442288,M,Where Is Coletti?,3D,10.95,2025-08-24,1913,"Comedy,Crime"
Jose Watkins,42577020,M,Beby y su circo,3D,13.79,2026-03-24,1915,Comedy
Patrick Martinez,16562774,M,The Active Life of Dolly of the Dailies,Normal,6.79,2025-06-21,1914,Drama
William Solis,82834453,M,Die Sumpfblume,Normal,6.32,2026-01-07,1913,\N
Nicole Cooke,18747971,F,Fiesta de toros,3D,12.54,2026-03-03,1909,\N
Jessica Cuevas,16910382,F,Amor de pescadora,Normal,7.43,2026-01-15,1914,\N
Mr. Aaron Brooks,18492189,M,Un drama en la montaña,Normal,6.76,2025-06-03,1914,\N
Alexandria Hoover,64174012,F,The Fight for Millions,3D,12.28,2025-06-13,1913,Drama
Michelle Roy,82135972,F,The Keys to Happiness,3D,12.33,2025-07-05,1913,Drama
Roger Herman,91713534,M,Faldgruben,Normal,7.13,2025-12-27,1909,\N
Christina Maldonado,22219859,F,Smith's Knockabout Theatre,Normal,6.84,2025-11-17,1909,\N
Thomas French,79449193,M,The Spirit of the Poppy,3D,11.18,2026-03-09,1914,Drama
Stacy Gilbert,40154606,F,Melilla y el Gurugu,3D,13.73,2025-10-27,1909,\N
Robert Daniels,34656969,M,El cuervo del campamento,3D,12.36,2025-08-26,1914,\N
Jeremiah Gardner,44139668,M,Blind Man's Bluff,3D,10.5,2025-06-22,1915,Comedy
Patrick Brown,65869834,M,The Eagle's Mate,Normal,7.01,2025-10-08,1914,Drama
Ashley Ortiz,12644654,F,A Black Sheep,3D,10.58,2025-08-31,1915,Comedy
Heather Miranda,83028437,F,De industrieel van Pont Avesnes,Normal,7.87,2025-12-20,1912,\N
David Green,33941394,M,La conspiration des drapeaux,Normal,6.39,2026-03-21,1912,\N
Jenna Collins,32773539,F,The Apaches of Paris,Normal,7.13,2025-08-05,1915,Drama
Andrew Olson,66168159,M,The House of Bondage,3D,12.93,2026-03-10,1914,Drama
Jennifer Anthony,31022620,F,The Last Volunteer,3D,10.63,2025-08-22,1914,"Drama,War"
Heather Edwards,40280396,F,Verkannt,3D,12.14,2025-12-06,1912,\N
David Boyer,17235447,M,The Cowardly Way,Normal,7.84,2025-12-09,1915,Drama
Thomas Spears,31504690,M,The Criminal Code,3D,13.68,2025-09-06,1914,Drama
Misty Ferguson,13726198,F,Statistinnen des Lebens,Normal,6.89,2025-06-29,1913,\N
Shelley Smith,37833852,F,Don Juan de Serrallonga,3D,10.53,2025-06-17,1910,"Adventure,Drama"
Jordan Hoffman,28652945,M,The Boer War,Normal,8.39,2026-05-03,1914,Drama
Zachary Haney,82373913,M,Sins of the Parents,3D,10.65,2025-08-28,1914,Drama
Todd Williams,93040213,M,After Dark,3D,12.05,2026-04-02,1915,"Crime,Drama"
Mr. Robert Bauer,37778803,M,Escaped from Siberia,Normal,6.93,2026-04-24,1914,Drama
Matthew Pitts,94706693,M,The Cup of Life,3D,10.06,2025-06-02,1915,Drama
Stephanie Harris,96814552,F,Statistinnen des Lebens,Normal,8.47,2026-02-03,1913,\N
Janet Maldonado,99922920,F,The Battle Cry of Peace,Normal,6.27,2026-05-02,1915,Drama
Jennifer Evans,76545065,F,Gira política de Madero y Pino Suárez,Normal,8.05,2025-08-06,1909,\N
Michelle Thomas,95358940,F,De cuarenta para arriba,Normal,7.6,2026-03-28,1918,Comedy
Sonya Rivas,28900977,F,A Batalha,3D,11.42,2026-01-29,1912,Documentary
Nathaniel Mcdonald,54824684,M,Alone in New York,3D,11.36,2026-01-10,1914,"Crime,Drama"
Benjamin Williams,61043897,M,Across America by Motor Car,Normal,6.5,2025-07-24,1914,Documentary
Michael Smith,37295262,M,The Dawn of a Tomorrow,Normal,7.65,2025-10-22,1915,Drama
Leah Horne,88744030,F,The Little Angel of Canyon Creek,Normal,8.65,2025-07-15,1914,"Drama,Western"
Kathleen Torres,87581080,F,Cora,3D,10.94,2026-05-01,1915,Drama
Patrick Ortega,65278361,M,The Battle of the Sexes,3D,13.88,2025-05-19,1914,Drama
Nathan Anderson,12359619,M,A Continental Girl,Normal,8.48,2026-01-19,1915,"Drama,War"
James Mendez,75616970,M,The Spoilers,3D,12.43,2026-03-22,1914,"Drama,Western"
Cynthia Richardson,11334791,F,Miss Jerry,3D,13.82,2025-09-27,1894,Romance
James Reed,36143497,M,The Battle and Fall of Przemysl,Normal,6.55,2025-08-07,1915,Documentary
Nicole Hughes,22046647,F,El amigo del alma,Normal,6.86,2025-06-10,1913,\N
Rebecca Walker,37868269,F,The Caprices of Kitty,Normal,7.8,2026-01-18,1915,Comedy
Larry Adams,38724204,M,The House of Bondage,Normal,8.47,2025-09-12,1914,Drama
Karen Krueger,51123526,F,Pagan Rome,Normal,7.41,2026-02-04,1914,Documentary
Amy Terry,90679703,F,A Good Little Devil,Normal,6.94,2025-09-01,1914,Drama
Sandra Holmes,82562974,F,Sapho,Normal,8.35,2026-03-26,1913,Drama
Samuel Salinas Jr.,35164808,M,Der Eid des Stephan Huller,3D,10.31,2025-09-15,1912,\N
Gregory Lee,46379089,M,Two of the Boys,Normal,6.58,2025-06-28,1909,\N
Mr. Kevin Ward,22792558,M,Life of Villa,3D,10.59,2025-11-12,1912,"Documentary,War"
Randall Brown,91067576,M,Excursión a San Lorenzo de Munt,Normal,6.44,2025-09-30,1912,\N
Kari Hoffman,80003720,F,Les frères ennemis,3D,12.3,2025-11-02,1913,\N
Amy Allen,22213636,F,Bandits of the Border Mine,3D,10.79,2025-06-29,1914,Drama
Erin Stephens,52398937,F,The Tonopah Stampede for Gold,Normal,6.42,2025-06-09,1913,"Drama,Western"
Angie Reyes,16904075,F,After Five,3D,10.87,2026-03-09,1915,"Comedy,Crime,Thriller"
Bradley Wood,49120340,M,Fiestas en Palafrugell,3D,10.17,2025-12-04,1913,\N
Ashley Camacho,67255521,F,The Caprices of Kitty,Normal,6.12,2026-02-20,1915,Comedy
Shawn Taylor,77614310,M,A Study in Scarlet,3D,12.72,2026-03-21,1914,"Drama,Mystery"
Carly Hernandez,43534300,F,The Yellow Traffic,3D,13.74,2025-05-21,1914,Drama
Christine Valenzuela,99098757,F,In the Stretch,3D,11.47,2025-12-16,1913,Drama
Jason Young,88772161,M,Il y a des pieds au plafond,3D,12.62,2025-05-27,1912,\N
Jeffrey Taylor,45925577,M,The Count of Monte Cristo,Normal,8.14,2025-08-06,1913,"Drama,History"
James Smith,13410468,M,The Caprices of Kitty,3D,13.94,2026-03-30,1915,Comedy
David Walker,58582310,M,"Wolfe; or, the Conquest of Quebec",3D,10.75,2025-11-14,1914,"Drama,History"
Jennifer Carter,97513439,F,The Dictator,Normal,8.64,2026-03-06,1915,"Adventure,Romance"
Mike Carlson,11983080,M,The Absentee,Normal,7.59,2025-06-08,1915,"Drama,Romance"
Linda Rangel,15636671,F,Oedipus Rex,3D,11.23,2025-12-07,1911,Drama
Nicole Hodges,49450200,F,The Burglar and the Lady,Normal,7.53,2026-03-08,1914,"Crime,Drama"
Angel Howard,74022734,F,Tillie's Punctured Romance,3D,10.39,2025-09-20,1914,Comedy
Debbie Faulkner DDS,12865039,F,Manon Lescaut,3D,13.71,2026-04-24,1914,"Drama,Romance"
Megan Ortiz,71549343,F,The Count of Monte Cristo,Normal,8.61,2025-12-06,1913,"Drama,History"
William Berry,21520323,M,The Deep Purple,3D,10.26,2026-04-28,1915,Drama
Amber Hamilton,42816433,F,Pommy Arrives in Australia,Normal,7.47,2026-01-04,1913,Comedy
Dominique Williams,29504789,F,"Les Misérables, Part 1: Jean Valjean",3D,12.48,2025-12-28,1913,Drama
David Rios,57557518,M,The Last Egyptian,3D,11.15,2025-07-27,1914,"Adventure,Drama,Romance"
John Brown II,35021130,M,The Climbers,3D,12.81,2025-12-22,1915,Drama
Beth Dominguez,39401633,F,Hearts United,Normal,6.26,2025-07-08,1914,Drama
Stanley Price,83466032,M,Oliver Twist,3D,10.8,2025-08-26,1912,Drama
Stanley Price,83466032,M,Oliver Twist,3D,10.8,2025-08-26,1912,Drama
Lauren Weiss,87746161,F,Fantômas: The False Magistrate,3D,12.24,2025-12-30,1914,"Crime,Drama"
Amanda Meyer,92617222,F,"The $5, 000, 000 Counterfeiting Plot",Normal,8.78,2026-01-20,1914,"Crime,Thriller"
Andrea Bush,40863371,F,A Boy and the Law,3D,11.58,2025-06-19,1913,Drama
Anthony Gilbert,76946838,M,The Infant at Snakeville,3D,10.99,2025-07-20,1911,\N
Billy Anderson,41170521,M,The Lipton Cup: Introducing Sir Thomas Lipton,3D,11.55,2025-12-23,1913,"Drama,Sport"
Daniel Lopez,68465234,M,Down with Weapons,3D,12.57,2025-05-05,1914,"Drama,War"
Samuel Norris,62908060,M,Valdemar Sejr,Normal,7.35,2025-05-31,1910,"Drama,History"
Carol Martin,45436047,F,El hijo del mar,Normal,6.82,2025-11-25,1913,\N
Isaiah Fischer,52922948,M,"Les Misérables, Part 2: Fantine",3D,12.98,2026-01-25,1913,Drama
Mark Morales,20862473,M,The Great Diamond Robbery,Normal,7.75,2026-02-18,1914,Drama
Erica Briggs,18871672,F,The Black Diamond,Normal,6.47,2025-12-16,1913,\N
Dr. Heather Holmes MD,93428638,F,Die Tangokönigin,Normal,7.3,2026-02-15,1913,\N
Melissa Moore,34252155,F,Golddigger,Normal,6.0,2025-10-02,1914,"Drama,Western"
Tracy Johnson,57193529,M,Jane Shore,3D,11.73,2026-01-08,1911,\N
William Short,23833244,M,A Chopin Nocturne,3D,11.11,2026-04-07,1913,Drama
Stephen Floyd,23054562,M,Un solo corazón o Los muertos viven,Normal,6.14,2025-08-14,1914,\N
Rick Hoffman,69264318,M,Count DeBesa's Mexican Pictures,Normal,8.0,2026-04-05,1915,Documentary
Gregory Knight,12856043,M,Magda,3D,12.22,2025-05-29,1912,\N
Donna Smith,63369386,F,The Battle of Shiloh,Normal,6.55,2026-02-25,1913,"Drama,History,War"
Brittany Gonzalez,28405841,F,Un drama en la montaña,3D,12.16,2026-02-09,1914,\N
Mario Fernandez,29295312,M,Trampa y cartón,Normal,6.67,2025-07-10,1913,\N
Joseph Lewis,64081574,M,Le camée,Normal,7.26,2025-10-08,1913,\N
Martha Collins,78419361,F,Anfisa,3D,10.76,2025-09-09,1912,Drama
Anthony Giles,82514759,M,La intrusa,3D,10.65,2025-06-18,1914,Drama
Gerald Huynh,50479588,M,Officer 666,3D,10.17,2025-08-22,1914,Comedy
Teresa Hill,98834749,F,The Boer War,3D,11.6,2026-01-31,1914,Drama
Heather Gordon,89598042,F,Charles IV,Normal,6.52,2026-01-16,1912,\N
Nathan Yoder,99896055,M,El caballero Casarroja,3D,13.33,2025-12-11,1914,\N
Stacey Willis,40979972,F,Lucille Love: The Girl of Mystery,3D,11.42,2025-07-04,1914,Action
Brian Nguyen,55048839,M,The Chocolate Soldier,Normal,8.09,2026-03-12,1914,"Comedy,Drama"
Michael Scott,90259970,M,Are You a Mason?,3D,13.86,2026-04-02,1915,Comedy
Garrett Harris,46405448,M,The College Orphan,3D,11.3,2025-08-12,1915,"Comedy,Drama"
Ryan Barnes,92635769,M,The Christian,Normal,8.71,2026-03-02,1914,Drama
Vincent Jones,32687012,M,The Hazards of Helen,3D,12.53,2025-06-25,1914,Action
Lori Dudley,97818830,F,La deuda del pasado,Normal,6.8,2025-10-24,1914,\N
Ronald Alexander,89337520,M,The Battle of Ballots,3D,10.12,2026-04-02,1915,Drama
Veronica Kent,56158715,F,El pollo Tejada,3D,10.76,2025-12-08,1914,\N
Julie Evans,74630099,F,The District Attorney,Normal,8.55,2025-08-26,1915,\N
Mark Hood,68742749,M,The Life of General Villa,3D,11.27,2025-05-23,1914,"Action,Adventure,Biography"
Jacqueline Thomas,48429312,F,The Convict Hero,Normal,7.5,2025-07-14,1911,Drama
Mr. Marc Clark,65072442,M,Fantômas: In the Shadow of the Guillotine,3D,12.74,2025-09-09,1913,"Crime,Drama"
James Miller,12532428,M,Always in the Way,3D,13.04,2025-08-25,1915,Drama
Karen Smith,63450646,F,The Stranglers of Paris,3D,12.6,2026-01-18,1913,"Crime,Drama"
Kristie Love,82120478,F,Excursión a San Lorenzo de Munt,Normal,7.67,2025-06-27,1912,\N
Stephen Harrell,64119097,M,The Beachcomber,Normal,6.9,2025-10-21,1915,Drama
Allison Pena,55985620,F,Common Beasts of Africa,Normal,8.73,2025-05-25,1914,Documentary
Valerie Wallace,86721445,F,Le bagnard,3D,10.09,2026-03-31,1912,\N
Michael Butler,67763739,M,The Life and Death of King Richard III,3D,10.31,2025-09-29,1912,Drama
Miss Stephanie Reeves,64156705,F,The Dawn of a Tomorrow,Normal,8.14,2025-10-27,1915,Drama
Richard Kelly,87778330,M,Linito quiere ser torero,3D,11.47,2026-04-23,1914,Comedy
Cynthia Thomas,58511827,F,Betty in Search of a Thrill,3D,12.49,2025-11-09,1915,"Adventure,Comedy,Drama"
Debra Crosby,34965279,F,When Broadway Was a Trail,Normal,8.94,2025-11-12,1914,"Drama,History"
Karen Ballard,27784441,F,Mother Love,Normal,7.46,2025-10-24,1914,Drama
James Snyder,85891494,M,Burning Daylight: The Adventures of 'Burning Daylight' in Alaska,Normal,6.43,2026-01-21,1914,"Adventure,Drama"
Terri Johns,14728896,F,American Game Trails,Normal,7.85,2026-03-15,1915,Documentary
Rachel Torres,55495349,F,The Woman in Black,Normal,6.21,2026-04-27,1914,"Drama,Romance"
Christopher Griffin,69170305,M,Mother Love,Normal,7.65,2025-05-24,1914,Drama
Daniel Cox,93783831,M,Atop of the World in Motion,3D,13.91,2025-06-27,1912,Documentary
Mark Johnson,10773829,M,Amor de bestia,Normal,7.24,2025-06-23,1912,\N
Jason Clark,25160518,M,The War Extra,3D,11.36,2025-09-19,1914,"Drama,History,War"
Jonathan Wiggins,25234630,M,The Vicar of Wakefield,Normal,6.47,2026-03-18,1913,Drama
Jonathan Wiggins,25234630,M,The Vicar of Wakefield,Normal,6.47,2026-03-18,1913,Drama
Benjamin Salas,92327234,M,Evinrude,3D,12.92,2025-08-28,1913,"Crime,Drama"
Robert Jordan,92800174,M,Bella Donna,3D,13.31,2026-02-26,1915,Drama
Lauren Wilson,47082701,F,El calvario de un héroe,3D,13.58,2025-11-22,1914,\N
Katherine James,51615671,F,L'infirmière,3D,10.46,2026-04-13,1914,\N
Mary Martinez,98058844,F,Der Verführte,Normal,8.34,2025-05-07,1913,\N
Christopher Leon Jr.,89433685,M,"His Holiness, the Late Pope Pius X, and the Vatican",3D,11.75,2025-10-24,1914,Documentary
David Bell,98693857,M,De industrieel van Pont Avesnes,Normal,7.76,2025-08-31,1912,\N
Gary Peterson,42285560,M,Mexican War Pictures,3D,10.34,2025-05-08,1913,Documentary
Gary Peterson,42285560,M,Mexican War Pictures,3D,10.34,2025-05-08,1913,Documentary
Patricia Brown,11066341,F,The Key to Yesterday,Normal,6.59,2026-04-25,1914,Drama
Darrell Wilson,75895099,M,The Old Armchair,3D,10.89,2026-04-07,1913,\N
William Blake,73510949,M,The Colonel's Son,Normal,6.8,2025-07-27,1912,\N
Richard Taylor,58677485,M,Damaged Goods,3D,12.15,2026-01-20,1914,Drama
James Ellis,87016865,M,På livets ödesvägar,3D,13.04,2025-09-23,1913,Drama
Charlene Figueroa,22725388,F,The Orphan,Normal,8.62,2026-04-24,1913,\N
David Howe,42784964,M,Lena Rivers,Normal,7.39,2025-06-12,1914,Drama
David Howe,42784964,M,Lena Rivers,Normal,7.39,2025-06-12,1914,Drama
Caitlin Ortiz,24596557,F,The Secret of the Well,Normal,8.5,2025-05-05,1914,\N
Judy Woods,79152940,F,After Five,3D,11.18,2025-09-07,1915,"Comedy,Crime,Thriller"
Justin Lopez,31850244,M,Los marinos de papel,Normal,8.73,2025-06-04,1913,\N
Stephanie Martinez,80061021,F,Amor gitano,3D,12.19,2025-07-13,1910,\N
Stacy Steele,82127791,F,Viernes de dolores,Normal,7.59,2026-03-01,1909,\N
Sara Lopez,74967867,F,Uma Ferra em Salvaterra de Magos,Normal,8.93,2025-05-16,1913,Documentary
Pamela Lewis,78796946,F,A Sister to Carmen,Normal,8.45,2025-10-06,1913,Drama
Christopher Marshall,20398443,M,Such a Little Queen,Normal,6.16,2025-12-30,1914,"Comedy,Drama,Romance"
Thomas Parker,82556836,M,The Toll of Love,Normal,6.15,2026-01-13,1914,Drama
Lauren Steele,11475371,F,La tierra de los naranjos,Normal,9.0,2025-12-06,1914,\N
Patricia Hill,14272403,F,The Human Bloodhound,3D,12.72,2025-05-22,1914,Drama
Rhonda Sullivan,49348791,F,A Continental Girl,Normal,8.05,2025-11-20,1915,"Drama,War"
Ronnie Gallagher,87368176,M,The Tigress,3D,11.11,2025-11-09,1914,Drama
Leah Gonzales,92405998,F,A Florida Enchantment,3D,13.81,2026-01-25,1914,Comedy
Brittney Frazier,22857505,F,The Colonel's Son,Normal,6.07,2025-11-19,1912,\N
Jeffery Suarez,84930552,M,Conscience,3D,13.71,2026-03-09,1917,Drama
Robin Acosta,10147558,F,The Alster Case,Normal,7.42,2025-06-18,1915,Mystery
Victoria Brown,78830175,F,På livets ödesvägar,3D,11.02,2026-04-30,1913,Drama
Lisa Becker,57119030,F,The Castle of Thornfield,Normal,8.73,2026-03-09,1915,Drama
Marissa Murray,12915887,F,Children of Eve,3D,13.15,2025-11-11,1915,Drama
Seth Petersen,83670319,M,El sello de oro,3D,13.07,2026-01-19,1914,\N
Mary Bates,22862199,F,The Master Mind,3D,10.35,2025-05-10,1914,"Crime,Drama"
Melissa House,25433507,F,Joseph in the Land of Egypt,3D,12.76,2026-01-29,1914,Drama
Christopher Smith,10889726,M,"Germinal; or, The Toll of Labor",Normal,8.08,2025-06-03,1913,Drama
Jenna Fleming,75797473,F,Badehotellet,Normal,8.37,2025-06-23,1915,Drama
Cathy Obrien,26114366,F,Traffic in Souls,3D,13.18,2025-09-04,1913,"Crime,Drama"
Patricia Buchanan,54046348,F,Noche de sangre,3D,12.19,2026-03-13,1914,\N
Mary Ayala,27327732,F,Beby y su circo,3D,10.3,2025-09-23,1915,Comedy
Richard Smith,22101757,M,De Garraf a Barcelona,3D,13.94,2025-07-01,1909,\N
Elizabeth Smith DDS,46983677,F,The Straight Road,Normal,7.28,2025-08-15,1914,"Drama,Romance"
Mr. Darren Tran Jr.,59042178,M,A Pesca do Bacalhau,3D,12.5,2026-04-08,1910,Documentary
Krystal Fisher,90250872,F,Cora,3D,12.16,2026-01-06,1915,Drama
Barbara Scott,83613925,F,Prince Edward Island in Motion; Home of the Silver Black Fox Industry,3D,12.24,2025-05-20,1914,Documentary
Dr. Chris Reyes,75503628,M,Judge Not,Normal,6.06,2025-10-23,1914,Drama
Kiara Taylor,93980246,F,Three Weeks,3D,12.39,2025-12-09,1914,Drama
Samantha Shannon,86534051,F,Stormfågeln,Normal,6.49,2025-12-13,1914,Drama
Jessica Stokes,45337654,F,A Modern Mephisto,3D,10.12,2025-08-09,1914,\N
Kelsey Espinoza,66066513,F,When Broadway Was a Trail,Normal,8.74,2026-04-20,1914,"Drama,History"
Danny Williams,87638278,M,The Black Heart,3D,12.53,2026-04-24,1915,Drama
David Powell,80715830,M,The Battle and Fall of Przemysl,Normal,6.59,2025-06-19,1915,Documentary
Keith Davis,45049712,M,Captive Souls,Normal,7.05,2026-03-11,1914,\N
William Maldonado,41351479,M,El modelo de virtudes,3D,10.46,2025-11-19,1913,\N
Daniel Meyer,45244018,M,Kleiner Svend und seine Mutter,3D,10.05,2025-09-25,1913,Drama
Cameron King,13059096,M,The Win(k)some Widow,3D,10.07,2025-08-04,1914,Comedy
Bryan Young,94634598,M,With General Pancho Villa in Mexico,3D,11.12,2026-05-02,1913,\N
Jeremy Contreras,11650736,M,The Brink,Normal,7.03,2025-10-09,1915,"Crime,Drama"
Angela Randolph,49110382,F,Business Is Business,3D,10.81,2026-04-28,1915,Drama
Austin Roberts,52927380,M,The Cheat,Normal,8.91,2026-02-21,1915,"Drama,Romance"
Kelly Washington,29879144,F,La conspiration des drapeaux,3D,10.79,2025-06-26,1912,\N
Tyrone Malone,51119386,M,The Price He Paid,3D,12.25,2025-10-18,1914,\N
Jessica Garcia,15392382,F,The Dancing Girl,3D,11.31,2025-10-06,1915,Drama
Heather Marsh,68832743,F,L'aluminite,3D,12.3,2025-09-09,1910,\N
Tiffany Jensen,48075979,F,The Dollar Mark,3D,11.03,2025-06-23,1914,Drama
Jennifer Webb,73427964,F,Beulah,Normal,6.84,2025-09-15,1915,Drama
Cody Andrews,29027575,M,Crooky,3D,12.26,2025-08-07,1915,Comedy
Sandra Gordon,67440960,F,The Shame of the Empire State,Normal,7.87,2025-05-21,1913,"Crime,Drama"
April Brown,84781843,F,Atlantis,3D,12.76,2025-09-13,1913,Drama
Michelle Gonzalez,62739608,F,Without Hope,3D,10.29,2026-04-09,1914,Comedy
Paul Marks,54420099,M,Carmen,Normal,6.38,2025-09-29,1912,\N
Paul Marks,54420099,M,Carmen,Normal,6.38,2025-09-29,1914,\N
Paul Marks,54420099,M,Carmen,Normal,6.38,2025-09-29,1915,"Drama,Musical"
Paul Marks,54420099,M,Carmen,Normal,6.38,2025-09-29,1915,Drama
Jessica Barr,32560508,F,Crushed,3D,10.86,2026-03-15,1914,\N
Chelsea Callahan,10742029,F,A Woman's Triumph,3D,13.84,2026-02-04,1914,Drama
Hailey Salazar,74197122,F,Heilig recht,3D,13.03,2025-08-28,1914,Drama
Jasmine Anderson,56327950,F,"A Fight for Freedom; or, Exiled to Siberia",Normal,7.06,2026-03-22,1914,Drama
David Durham,15311590,M,In the Bishop's Carriage,3D,10.15,2026-04-30,1913,"Crime,Drama"
Joshua Hardy,34146753,M,"The $5, 000, 000 Counterfeiting Plot",3D,12.76,2026-04-08,1914,"Crime,Thriller"
Monica Sawyer,99723828,F,Leah Kleschna,Normal,7.72,2025-07-18,1913,"Crime,Drama"
Tanya Robinson,40840648,F,Guardian of Virtue,Normal,8.46,2026-04-26,1914,\N
David Moon,51147556,M,The Next in Command,Normal,6.88,2025-10-14,1914,Adventure
Eric Hunter,77325639,M,The Fight for Millions,Normal,6.54,2025-07-03,1913,Drama
Catherine Anderson,70552080,F,The Terrible Vengeance,Normal,8.12,2026-05-01,1913,\N
Derrick Cooper,91987561,M,Fantômas: In the Shadow of the Guillotine,3D,11.69,2026-04-18,1913,"Crime,Drama"
Julie Williams,98898549,F,Prueba trágica,3D,11.33,2026-03-12,1914,\N
Jeffrey Martinez,20551351,M,"The World, the Flesh and the Devil",3D,10.44,2025-09-25,1914,"Crime,Drama"
Patrick Sanchez,94285410,M,Alice in Wonderland,3D,11.42,2025-12-15,1915,"Adventure,Family,Fantasy"
Keith Nguyen,35538491,M,Trail to the West,Normal,8.95,2025-11-30,1910,\N
Alexa Diaz,61355466,F,Her Luck in London,3D,13.83,2025-07-17,1914,"Crime,Drama"
Joe Harrison,36145603,M,The Hound of the Baskervilles,Normal,6.07,2026-02-26,1915,"Crime,Horror,Mystery"
Sarah Peterson,72439189,F,The Birth of a Nation,3D,12.66,2025-12-07,1915,"Drama,War"
James Murray,56264078,M,El modelo de virtudes,Normal,6.36,2025-12-31,1913,\N
Dana Barr,56201716,F,The Curious Conduct of Judge Legarde,Normal,7.53,2026-03-03,1915,Drama
Patrick Cherry,44768990,M,The Dancer and the King,3D,10.57,2025-07-05,1914,Drama
Matthew Gill DDS,66673145,M,The Prodigal Daughter,Normal,8.29,2026-04-07,1912,\N
Kayla Weber,57573085,F,Dante's Inferno,3D,12.55,2025-05-09,1911,"Adventure,Drama,Fantasy"
Terri Stevens,21651194,F,The Volunteer Parson,3D,10.53,2026-03-10,1914,Drama
Kimberly Torres,32145476,F,The Unwelcome Mrs. Hatch,3D,11.41,2025-12-11,1914,Drama
Betty Lloyd,12966846,F,The Black Diamond,Normal,7.28,2025-05-20,1913,\N
Tracy Yates,27482753,F,Dante's Inferno,Normal,8.53,2025-06-17,1911,"Adventure,Drama,Fantasy"
Christopher Mclean,26944215,M,Damaged Goods,Normal,8.79,2026-04-10,1914,Drama
Terry Thomas,95489804,M,Fatum,3D,10.16,2025-10-01,1915,\N
Elizabeth Murphy,29437395,F,Beneath the Czar,Normal,6.21,2026-04-16,1914,Drama
Ashley Fernandez,81028429,F,Bought,3D,10.42,2025-07-25,1915,Drama
Troy Young,54116719,M,The Loss of the Birkenhead,3D,10.72,2025-06-22,1914,Drama
Sarah Moore,55779637,F,La primera y segunda casetas,3D,11.3,2025-08-05,1909,\N
Dana Peterson,47923005,F,The Shattered Vase,Normal,7.96,2026-04-23,1913,Drama
Rebekah Meyer,67057780,F,Das Geschenk des Inders,3D,12.95,2026-02-22,1914,\N
Hannah Thomas,87052593,F,Tess of the Storm Country,3D,12.95,2025-08-26,1914,Drama
Sean White,31138839,M,Battle of Gettysgoat,Normal,6.53,2025-10-29,1914,Comedy
Katherine Thompson,87341454,F,Excursión al Gombreny,3D,11.63,2025-05-08,1910,\N
Amy Mccarty,43167973,F,Three Weeks,3D,13.99,2026-02-13,1914,Drama
Bethany Adams,18300625,F,Anfisa,Normal,7.79,2025-11-23,1912,Drama
Oscar Martinez,42203242,M,One Wonderful Night,3D,12.08,2025-08-17,1914,"Crime,Drama"
Susan Evans DDS,98447503,F,Hamlet,Normal,7.28,2025-07-10,1908,Drama
Susan Evans DDS,98447503,F,Hamlet,Normal,7.28,2025-07-10,1910,Drama
Susan Evans DDS,98447503,F,Hamlet,Normal,7.28,2025-07-10,1911,Drama
Susan Evans DDS,98447503,F,Hamlet,Normal,7.28,2025-07-10,1913,Drama
Susan Evans DDS,98447503,F,Hamlet,Normal,7.28,2025-07-10,1914,Drama
Anne Hooper,66950156,F,La lucha contra el destino,3D,12.49,2025-08-08,1914,\N
Charles Branch,45192468,M,The Line-Up at Police Headquarters,Normal,7.9,2026-04-25,1914,Drama
David Maldonado,30828168,M,Orientalsk dans,Normal,6.55,2026-02-10,1910,\N
Kelly Ross,85818083,F,The Life of Moses,Normal,7.81,2025-12-24,1909,"Biography,Drama,Family"
Mary Pennington,21401021,F,The Burglar and the Lady,3D,13.57,2025-08-02,1914,"Crime,Drama"
Erica Lane,81350462,F,The Toll of Mammon,3D,10.75,2025-07-23,1914,Drama
Joseph Walsh,80429651,M,Fulano de Tal se enamora de Manón,Normal,8.32,2025-10-17,1916,Comedy
Jill Harris,70371599,F,The Shame of the Empire State,3D,11.55,2026-04-20,1913,"Crime,Drama"
Adam Nichols,59911205,M,Die Eisbraut,Normal,8.03,2025-12-16,1913,\N
Gina Tyler,21210354,F,The Jungle,Normal,7.77,2025-09-27,1914,Drama
Chelsea Parker,51356786,F,"How Fine, How Fresh the Roses Were",Normal,7.87,2025-06-27,1913,Romance
Robert Martinez,11138040,M,A Mother's Heart,Normal,6.34,2025-11-26,1914,Drama
Miss Connie Carter,59223084,F,Camille,3D,11.62,2025-08-06,1912,"Drama,Romance"
Miss Connie Carter,59223084,F,Camille,3D,11.62,2025-08-06,1915,Drama
Jessica Warren,42978260,F,A Continental Girl,3D,11.24,2025-09-06,1915,"Drama,War"
Ethan Randolph,89145647,M,The Arab,3D,10.06,2025-06-04,1915,"Adventure,Drama"
Robert Pacheco,98773928,M,A Chopin Nocturne,Normal,8.63,2026-01-02,1913,Drama
Christian Campos,82014238,M,Der fremde Vogel,Normal,6.78,2025-10-17,1911,\N
Nancy Miller,51395065,F,The Path Forbidden,3D,12.98,2025-12-29,1914,Drama
Mackenzie Barker,40258739,F,A Venetian Night,Normal,8.91,2025-09-25,1914,\N
Brian Smith,84848319,M,A Woman Who Did,3D,10.75,2026-01-28,1914,Drama
Angelica Reed,23344890,F,Jack London's Adventures in the South Sea Islands,Normal,7.2,2026-01-16,1913,Documentary
Kayla Riggs,67817584,F,The Heir to Skjoldborg,3D,12.67,2025-11-17,1914,Drama
Timothy Bennett,43163935,M,The Circular Staircase,Normal,8.01,2025-09-12,1915,Mystery
Chase Morgan,83666810,M,The Spoilers,3D,10.77,2025-08-18,1914,"Drama,Western"
Robert Matthews,29445655,M,Heilig recht,Normal,7.31,2025-06-22,1914,Drama
Crystal Sloan,68004388,F,Atlantis,3D,10.3,2026-01-20,1913,Drama
Karen Mendez,92198426,F,"Destiny: or, the Soul of a Woman",Normal,8.0,2025-06-02,1915,Drama
Heather Rodriguez,74056502,F,"Les Misérables, Part 1: Jean Valjean",Normal,6.36,2026-03-05,1913,Drama
Nicholas Aguilar,90491131,M,The Fairylogue and Radio-Plays,Normal,7.6,2025-08-22,1908,"Adventure,Fantasy"
Savannah Fox,75238224,F,Too Late,Normal,6.16,2026-01-08,1914,Drama
Julia Heath,53070222,F,Damon and Pythias,Normal,7.21,2026-04-23,1914,Drama
Joshua Roth,82974861,M,A Million Bid,Normal,6.02,2025-12-23,1914,"Drama,Romance"
Justin Austin,88553701,M,The Governor's Ghost,3D,13.85,2025-05-12,1914,Drama
Denise Baker,89197175,F,The Fatal Wedding,3D,13.62,2025-11-27,1911,Drama
Christine Walker,21433229,F,The Country Boy,3D,11.81,2026-01-23,1915,"Comedy,Drama"
Sergio Bruce,45313652,M,C.O.D.,3D,12.71,2026-04-29,1914,Comedy
Rachael Walton,47966124,F,Tirol in Waffen,3D,11.84,2026-03-01,1914,"Drama,War"
Andrew Robertson,96033233,M,Im Schützengraben,3D,10.56,2025-11-07,1914,\N
Samantha Fritz,87407601,F,Rainha Depois de Morta Inês de Castro,3D,11.02,2025-06-18,1910,"Drama,History"
Darryl Fitzgerald,16838315,M,The Terrible Vengeance,Normal,8.83,2026-04-09,1913,\N
Sean Fox,33940793,M,Checkers,3D,11.19,2025-09-13,1913,"Comedy,Drama"
Michael Jenkins,36454163,M,Laura y sus pretendientes,3D,11.01,2026-03-05,1913,\N
Ryan Alvarado,46200731,M,Divorced,Normal,8.72,2025-12-26,1915,Drama
Annette Wilson,11421014,F,The Million,Normal,8.79,2025-09-14,1914,"Comedy,Drama"
Christine Lopez,75899761,F,The Span of Life,Normal,6.25,2026-01-22,1914,Drama
David Gutierrez,75446459,M,The Human Bloodhound,Normal,6.57,2025-08-08,1914,Drama
Connie Gallagher,87063346,F,Leah Kleschna,Normal,8.83,2026-03-16,1913,"Crime,Drama"
Mary Harrison,94582550,F,Rainha Depois de Morta Inês de Castro,3D,10.25,2025-08-13,1910,"Drama,History"
Walter Burke,75179780,M,The Prodigal Son,Normal,7.4,2026-04-04,1907,Drama
Walter Burke,75179780,M,The Prodigal Son,Normal,7.4,2026-04-04,1913,\N
Christopher Williams,30319328,M,"Les Misérables, Part 2: Fantine",Normal,7.54,2025-05-21,1913,Drama
Christina Horn,52472799,F,Ready Money,Normal,6.37,2026-02-11,1914,"Comedy,Crime,Drama"
Shawn Houston,88282708,M,The Silence of Dean Maitland,Normal,6.15,2025-12-25,1914,Drama
Erin Delgado,39503827,F,Cabalgata de los mercados en Barcelona,3D,12.91,2025-11-25,1914,Documentary
William Conway,97383683,M,Quo Vadis?,3D,10.18,2025-11-04,1913,"Drama,History"
Kathleen Alvarado,54893064,F,Over Niagara Falls,3D,11.34,2025-06-13,1914,"Crime,Drama"
Desiree Collins,65575014,F,Calatayud en fiestas,Normal,6.05,2026-01-22,1914,Documentary
James Harris,19771651,M,The Secret of the Mountain,3D,13.97,2025-11-13,1915,Drama
Daniel Hughes,55726017,M,War Is Hell,Normal,7.63,2025-07-10,1914,"Drama,War"
Jesus Hampton,34864244,M,Frou Frou,Normal,7.94,2026-03-24,1914,Drama
David Myers,95748673,M,Talma,Normal,6.85,2025-11-13,1912,\N
Christina Murray,53207497,F,The Borrowed Babies,3D,12.19,2026-03-15,1915,Comedy
Justin Elliott,76794833,M,The Adventures of Kitty Cobb,3D,11.61,2026-04-26,1914,Adventure
David Simmons,57282938,M,The Brand,3D,11.23,2026-01-13,1911,\N
Tracy Vaughn,52373353,F,A Tourada dos Casimiros,Normal,7.86,2025-09-18,1913,Documentary
Johnny Roberts,95742170,M,Blackbirds,Normal,7.88,2026-03-04,1915,Drama
Christopher Whitaker,82288067,M,Alexia o La niña del misterio,Normal,8.57,2025-11-19,1916,\N
Kayla Brown,49063257,F,Charles IV,3D,12.82,2025-12-04,1912,\N
Clinton Winters,10195755,M,Under the Black Robe,Normal,8.76,2025-10-08,1914,Drama
Gregory Perez,56108696,M,The Wishing Ring: An Idyll of Old England,3D,13.73,2025-09-19,1914,"Comedy,Drama,Romance"
Deborah Ramirez,40848175,F,Bought,3D,11.7,2025-07-22,1915,Drama
Melinda Barrett,82629480,F,Seal Hunting in Newfoundland,3D,12.58,2026-01-03,1912,Documentary
Rhonda Johnston,48054950,F,The Lost Paradise,3D,12.54,2026-03-21,1914,Drama
Brian Williams,83881373,M,Children of the Ghetto,3D,12.32,2025-07-28,1915,Drama
Scott Kline,12584647,M,The Dictator,Normal,7.16,2025-05-27,1915,"Adventure,Romance"
Caitlin Tucker,17509897,F,Madero al sur del país,Normal,8.51,2025-06-20,1911,\N
Jessica Frazier,88185808,F,The Dust of Egypt,Normal,7.82,2025-07-21,1915,Comedy
Keith Tucker,45436000,M,My Husband's Getting Married,Normal,7.85,2025-12-19,1913,Comedy
Vanessa Reed,66386328,F,One Hundred Years of Mormonism,Normal,6.05,2025-09-08,1913,"Drama,History"
Autumn Lewis,68226434,F,The Caprices of Kitty,Normal,6.17,2025-06-07,1915,Comedy
Richard Wilson,38492779,M,The Criminal Code,Normal,8.43,2025-08-27,1914,Drama
Kathy Oneill,31227435,F,The Lust for Gold,Normal,8.53,2025-08-04,1912,\N
Lisa Harrison,17142069,F,Passion,3D,12.21,2025-07-28,1919,"Biography,Drama,Romance"
Nathan Cruz,63707004,M,Un portero modelo,3D,13.79,2025-06-21,1910,\N
Nicholas Garza,14134526,M,Nightmare,Normal,8.15,2025-09-24,1914,\N
Mark Lynch,64805334,M,Sodoms Ende,Normal,7.24,2025-10-04,1913,Drama
Monica Taylor,80377128,F,Lucille Love: The Girl of Mystery,Normal,7.65,2026-02-11,1914,Action
Mark Lopez,94441441,M,After Dark,3D,10.03,2026-03-13,1915,"Crime,Drama"
Priscilla Kelly,58788963,F,The Man on the Box,3D,11.29,2026-04-20,1914,"Comedy,Drama"
Blake Stewart,74460929,M,The Adventures of a Diplomatic Freelance,Normal,7.04,2025-07-15,1914,\N
Marco Reyes,35160961,M,Presentencompanigraf,3D,12.19,2026-04-08,1914,\N
Evan Norton,29237525,M,Battle of Gettysgoat,3D,13.48,2025-06-07,1914,Comedy
Mr. Eric Brown MD,87023223,M,The Butterfly,3D,12.57,2026-01-04,1910,\N
Mr. Eric Brown MD,87023223,M,The Butterfly,3D,12.57,2026-01-04,1915,Drama
Melanie Scott,89417213,F,Comrade John,Normal,8.27,2026-03-05,1915,Drama
Gina Jones,32375388,F,The Secret of the Mountain,Normal,8.48,2025-09-04,1915,Drama
Barbara Martin,13866884,F,Alexia o La niña del misterio,Normal,7.37,2025-08-20,1916,\N
Christine Jones MD,92627383,F,The Four Poster Pest,3D,11.67,2026-03-07,1911,\N
Joseph Fields,34973820,M,Jahreszeiten des Lebens,Normal,7.74,2025-09-20,1915,\N
Michael Lin,73062657,M,The Escape,Normal,7.7,2026-03-22,1914,Drama
Beverly Gross,50464906,F,The Wrath of the Gods,Normal,8.89,2025-10-10,1914,"Drama,Romance"
Angela Holt,84046940,F,The Vampire Dancer,3D,11.03,2026-01-28,1912,\N
Mark Hurley,36552490,M,East Lynne,Normal,8.66,2025-09-02,1913,Drama
Samantha Scott,89680683,F,Buried Alive in a Coal Mine,3D,11.69,2025-08-10,1913,Drama
Chelsey Scott,89908466,F,The Spoilers,Normal,6.57,2025-06-18,1914,"Drama,Western"
Jennifer Martinez,53303549,F,L'infirmière,Normal,7.25,2025-11-10,1914,\N
Marilyn Morgan,66662449,F,Othello,Normal,7.05,2025-12-22,1914,"Drama,Romance"
Gregory Rivera,13237181,M,Det blaa vidunder,3D,10.97,2025-08-06,1915,Comedy
Alyssa Smith,48979305,F,Prince Edward Island in Motion; Home of the Silver Black Fox Industry,Normal,8.63,2026-02-21,1914,Documentary
Jessica Thomas,21214575,F,Paid in Full,3D,10.13,2025-08-02,1914,Drama
Sherri Vazquez,91054349,F,The Man o' War's Man,Normal,6.43,2025-07-16,1914,Drama
Chad Flores,73928461,M,The Fatal Wedding,3D,12.17,2025-09-22,1911,Drama
David Mccoy,37744192,M,The Virginian,Normal,7.66,2025-07-24,1914,"Drama,Western"
Jon Fleming,86051746,M,The Caprices of Kitty,Normal,8.05,2025-09-04,1915,Comedy
Megan Hoffman,79462222,F,The Clemenceau Case,Normal,8.25,2025-12-21,1915,"Crime,Drama,Romance"
Brittney Bird,33926387,F,A Gentleman from Mississippi,3D,11.97,2025-11-18,1914,Drama
Maria Bolton,60306971,F,Ingeborg Holm,Normal,8.49,2026-02-05,1913,Drama
Mr. Nathan Johnson,96980742,M,The Vicar of Wakefield,Normal,7.56,2025-05-31,1913,Drama
Mr. Nathan Johnson,96980742,M,The Vicar of Wakefield,Normal,7.56,2025-05-31,1913,Drama
