nombre,dni,genero,pelicula,formato,precio,fecha_visita
Gina Kirby,84940341,F,Old Brandis' Eyes,Normal,8.85,2025-07-06
Amy Webb,12042176,F,Tirol in Waffen,3D,12.26,2025-08-19
Bobby Collins,45238449,M,Bought,Normal,6.54,2025-10-21
Julian Phillips,33586286,M,The Greater Will,Normal,6.53,2026-04-06
Jessica Morris,98391740,F,Livets konflikter,Normal,8.4,2025-12-02
Jacqueline Jennings,25100951,F,A Night in May,Normal,6.46,2025-05-07
Andre Torres,14029829,M,One Hundred Years of Mormonism,3D,13.23,2025-05-13
Dale Hardy,39621173,M,The Country Mouse,3D,13.81,2025-07-23
Nicholas Johnson,14718502,M,The Mystery of the Fatal Pearl and the Sequel,Normal,8.51,2025-06-05
Kelly Rivera,82039028,F,A Pesca do Bacalhau,3D,13.28,2025-09-05
Brian Ramirez,30582756,M,Pierre of the Plains,Normal,6.84,2026-03-01
Charles Hayes,64210171,M,The Kangaroo,Normal,8.17,2025-06-03
Kim Munoz,66777158,F,Authentic European War,3D,11.48,2025-09-13
Tommy Lopez,39984867,M,The Banker's Daughter,Normal,8.3,2025-10-19
Christian Taylor,35923449,M,The Mysterious Mr. Wu Chung Foo,Normal,7.83,2026-03-03
Elizabeth Mcdonald,76554056,F,The Miner's Curse,3D,13.99,2026-02-01
Jason Stephenson,92137967,M,The Perils of Pauline,Normal,6.56,2026-02-17
Elizabeth Garcia,88886605,F,L'homme qui assassina,Normal,7.28,2026-03-10
Matthew Brewer,87552195,M,The Alster Case,3D,11.47,2025-10-17
Justin Ross,48498261,M,The Road to Ruin,3D,11.24,2026-01-13
Bonnie Scott,85047485,F,The Volunteer Parson,Normal,8.15,2025-07-15
Jaime Gallagher,62856795,M,Should a Woman Divorce?,Normal,7.15,2025-07-20
Jennifer Thomas,37898541,F,La cueva vengadora,Normal,6.18,2025-08-27
Matthew Williams,21359011,M,Luchtkastelen,3D,10.74,2025-12-10
Roberto Morgan,11777274,M,0-18 or A Message from the Sky,3D,10.77,2025-11-19
Robert Mcdaniel,98907491,M,Destruction,Normal,7.94,2025-12-28
David Oliver,62210483,M,The Battle of Ballots,3D,12.41,2026-02-18
Christopher Cook,28452329,M,Burning Daylight: The Adventures of 'Burning Daylight' in Civilization,3D,13.1,2026-04-29
Jacob Gonzales,83409451,M,The Envoy Extraordinary,3D,13.77,2025-06-18
Amy Peters,81532865,F,The Seats of the Mighty,3D,13.77,2025-12-11
Kendra Hancock,48164989,F,El fantasma del castillo,Normal,7.76,2025-10-01
Travis Dyer,74122006,M,The Spirit of the Conqueror,3D,13.01,2025-06-05
Shane Johnson,86768122,M,The Dawn of a Tomorrow,3D,12.1,2026-03-04
Monique Owens,81707083,F,Fiestas en La Garriga,3D,13.67,2026-01-04
Mariah Nelson,70485743,F,Joseph and His Coat of Many Colors,3D,12.83,2026-03-23
Kenneth Nicholson,73925841,M,Sins of the Parents,Normal,7.31,2025-09-03
Jennifer Lynch,53818935,F,Leiria,Normal,8.26,2025-11-09
Jessica Becker,61560657,F,Die Sumpfblume,3D,11.4,2026-02-04
Jeremy Fields,91996687,M,The Ghost Breaker,Normal,7.79,2025-07-18
Rhonda Chavez,19103397,F,The Swagman's Story,Normal,7.09,2026-04-26
Rachael Boyer,51381795,F,Aurora Leigh,3D,10.08,2025-11-07
Lisa Lang,32359671,F,A Dog's Tale,Normal,8.68,2025-05-19
Jerry Griffin,24177896,M,Don Juan de Serrallonga,Normal,8.8,2025-11-04
Derrick Pearson,53273953,M,The Toll of Mammon,Normal,6.42,2025-07-28
Richard Turner,14353429,M,Called Back,3D,12.38,2025-06-04
Stephanie Miller,80305102,F,L'homme qui assassina,Normal,6.17,2025-07-08
Heather Hebert,35410529,F,De cuarenta para arriba,3D,12.1,2025-10-17
Holly Ho MD,61143556,F,"How Fine, How Fresh the Roses Were",Normal,7.26,2025-12-24
Kathy Smith,58140007,F,The Ordeal,3D,11.49,2026-03-26
Ms. Kristina Shepard,20501176,F,Fantomas: The Mysterious Finger Print,Normal,8.75,2025-11-22
Linda Padilla,54054638,F,The Spirit of the Poppy,3D,10.69,2025-07-10
Jessica Hawkins,84988145,F,Beby y su circo,3D,11.92,2025-05-17
Richard Acevedo,95439977,M,The Prodigal Son,Normal,6.72,2025-08-09
Trevor Novak,52611442,M,The Volunteer Parson,3D,11.93,2025-06-17
Jose Flores,65028164,M,The Country Boy,Normal,6.38,2026-02-01
Kenneth Gutierrez,37990404,M,Ten Nights in a Barroom,3D,12.69,2026-02-18
Tyler Garza,83940046,M,On the Belgian Battlefield,3D,11.75,2026-01-26
James Hall,53927121,M,Lucille Love: The Girl of Mystery,3D,13.57,2025-12-22
Michelle Brooks,38720946,F,The Vicar of Wakefield,Normal,7.73,2026-04-18
Kevin Harrison,29308420,M,'Twas Ever Thus,Normal,6.46,2025-12-03
Meghan Obrien,43305626,F,Aloha Oe,Normal,6.35,2025-06-21
Russell Morales,31937083,M,Life's Shop Window,Normal,7.32,2025-10-07
Ann Tanner,84128800,F,Seal Hunting in Newfoundland,Normal,8.94,2025-06-06
Tina Harper,85383322,F,The Great Circus Catastrophe,3D,11.32,2025-05-21
Dustin Rodriguez,60964032,M,Jahreszeiten des Lebens,Normal,8.07,2025-06-23
Katelyn Page,84481022,F,The Vicar of Wakefield,3D,10.54,2026-01-10
Stephanie Jones,73006867,F,Tillie's Punctured Romance,Normal,8.28,2025-10-04
Rose Miller,18951458,F,The Mysterious Mr. Wu Chung Foo,Normal,6.13,2025-09-07
Mike Barker,95825947,M,Alice in Wonderland,Normal,6.52,2026-03-05
Elizabeth Dominguez,66430412,F,The Indian Wars,3D,10.08,2025-07-20
Michael Clayton,22885183,M,L'aluminite,Normal,6.66,2025-08-03
Amy Rivera,27912976,F,A Sister to Carmen,3D,13.87,2026-01-24
Brandon Miller,11604328,M,Den sorte familie,3D,11.09,2025-11-12
Lauren Sullivan,55883939,F,Don Quixote,Normal,6.12,2026-02-28
Shannon Foster,31585461,F,The District Attorney,Normal,8.96,2025-09-13
Michael Roberson,56704620,M,Sport and Travel in Central Africa,Normal,6.85,2025-06-28
Jennifer Hansen,20412866,F,The Mystery of a Hansom Cab,Normal,6.46,2026-04-09
Garrett Little,54250491,M,Bøffen og bananen,3D,10.72,2026-02-18
Tracy Stuart,62632271,F,Cora,3D,13.65,2025-10-25
Danielle Nelson,87421193,F,The Chocolate Soldier,Normal,8.7,2025-07-11
Scott Hensley,49671593,M,The Shame of the Empire State,Normal,8.21,2026-03-19
Joseph Franco,75244877,M,The Shattered Vase,3D,10.72,2026-03-05
Karen Coleman,77479335,F,At the Cross Roads,3D,13.34,2025-08-02
Christina Stewart,20172084,F,American Game Trails,Normal,8.83,2026-04-29
Connor Mckenzie,25362332,M,Apuntes de la fiesta de la flor,Normal,6.42,2025-10-04
Richard Anderson,21704795,M,Volunteer Organist,Normal,7.04,2025-10-20
Robert Vasquez,85032056,M,Zigomar contre Nick Carter,3D,11.81,2025-12-28
Katherine Patterson,29674974,F,The Road to Ruin,Normal,7.7,2026-04-27
Erin Ellis,86918533,F,Conscience,3D,12.74,2026-01-29
Katie Dean,11465128,F,Cardinal Richelieu's Ward,3D,11.45,2025-08-29
Ana Walker,57949232,F,Fantasma,Normal,6.38,2025-11-08
Joseph Williams,73596367,M,Rose of the Rancho,3D,12.08,2025-12-04
Juan Lane,42490236,M,Un día en Xochimilco,Normal,6.25,2026-01-26
Louis Smith,65611922,M,Diego Corrientes,Normal,7.13,2026-04-14
Crystal Smith,86325672,F,Le nègre blanc,Normal,7.64,2026-02-22
Aimee White,58877194,F,Ill Starred Babbie,Normal,6.62,2026-01-23
Lawrence Stewart,70549550,M,The Spirit of the Poppy,Normal,6.82,2025-09-08
Keith Stephens,63628375,M,Julius Caesar's Sandals,Normal,8.09,2025-10-27
David Wyatt,88689214,M,The Fringe of War,3D,10.51,2026-02-08
Deborah Smith,53679091,F,The Battle of Trafalgar,3D,10.08,2025-08-31
Alexis Werner,76239228,F,Carlota Angela,3D,10.68,2026-03-10
Rachel Wallace,84611784,F,Amor gitano,Normal,8.62,2025-09-11
Daniel Cain,77501412,M,Othello,3D,11.55,2025-06-21
Jennifer Graves,86634991,F,Nell Gwynne,Normal,8.15,2026-03-12
Timothy Werner,35783994,M,The Mysterious Man of the Jungle,3D,11.17,2026-03-16
Nicholas Deleon,54135460,M,Bella Donna,Normal,8.95,2025-06-04
Alejandra Peters,41681910,F,Stuart Webbs: Das Panzergewölbe,3D,10.66,2025-05-15
Jennifer Blevins,48375098,F,The Folly of Revenge,3D,14.0,2026-04-28
Robert Perkins,96453742,M,His Brother's Wife,3D,13.78,2026-01-22
Tiffany Everett,41406817,F,Mrs. Wiggs of the Cabbage Patch,Normal,7.77,2025-11-10
Daniel Lopez,32815653,M,Gira política de Madero y Pino Suárez,Normal,7.31,2026-03-26
Gary Freeman,67656062,M,Salome Mad,3D,13.35,2025-09-28
Dennis Mason,56951261,M,What Is to Be Done?,Normal,7.59,2026-01-16
Vanessa Miller DDS,14941206,F,A Suspicious Wife,3D,13.29,2025-10-27
Jerry Ball,50069837,M,Fiestas de Santa Lucía - Belenes,Normal,7.44,2025-07-06
Scott Davis,53737884,M,The Sin of a Woman,3D,13.6,2025-05-25
Kevin Cole,82991117,M,The Price He Paid,3D,13.15,2025-12-18
Katelyn Ballard,94472733,F,Desastre do Monoplano Gnome na Amadora,Normal,6.58,2026-01-30
Kelsey Flowers,62997600,F,The Governor's Ghost,Normal,7.41,2025-11-12
Ricky King,60978708,M,In the Days of the Thundering Herd,3D,11.27,2026-01-24
Kristin Arias,65588255,F,The Painted World,Normal,8.15,2026-03-07
Heather Jackson,30563219,F,Sherlock Holmes VI,Normal,8.7,2025-07-28
Susan Lopez,49672356,F,Fiestas en Palafrugell,3D,12.88,2025-10-20
Kathleen Burns,17795080,F,Damon and Pythias,3D,12.95,2025-07-30
Amanda Williams,56734557,F,The Ordeal,3D,11.36,2025-09-29
Holly Willis,29845319,F,Colonel Carter of Cartersville,Normal,6.23,2026-01-15
Anthony Herring,95632623,M,Die große Sünderin,Normal,7.8,2025-07-14
Matthew Miller,11813572,M,The Darkening Trail,3D,13.97,2026-02-16
Angela Paul,86153106,F,Sealed Orders,Normal,7.67,2025-06-01
Timothy Ferguson,57398610,M,The Orphan,3D,13.94,2025-11-23
Patricia Sanchez,21734234,F,The Danger Signal,3D,11.97,2025-11-26
Shawn Mckenzie,85664255,M,Fatum,Normal,7.58,2025-12-29
Nathaniel Ford,49200468,M,The Borrowed Babies,Normal,8.75,2026-03-24
Christine Bridges,39669875,F,The Battles of a Nation,Normal,8.57,2025-09-03
Terri Mendoza,14674248,F,A Mother's Heart,Normal,7.72,2025-07-11
Steven Dennis,99935022,M,Assunta Spina,3D,10.07,2025-12-02
Courtney Hudson,22293389,F,The Life of Moses,Normal,6.35,2025-07-19
John Harris,39638741,M,The Criminal Code,3D,13.38,2025-09-12
John Richard,57278531,M,What's His Name,3D,11.9,2025-05-31
Michelle Gates,43575679,F,The Devil,Normal,6.68,2025-10-20
Adam Nichols,80600467,M,A Study in Scarlet,Normal,6.26,2026-04-12
Alejandra Hodge,82799280,F,Zwei Frauen,Normal,6.32,2025-08-23
Olivia Gomez,42182815,F,Livets konflikter,3D,11.81,2025-06-04
Janet Richmond,73589043,F,L'infirmière,Normal,8.88,2026-01-02
Zoe Harris,32146676,F,The Connecticut Yankee,3D,11.44,2025-06-01
Richard Reed,33013172,M,The Dishonored Medal,3D,12.88,2025-07-16
William White,23289540,M,The Little Angel of Canyon Creek,3D,11.22,2025-11-09
Luis Hanson,71863560,M,Fiestas en Palafrugell,Normal,6.44,2026-02-05
Robin Campbell,89765486,F,El cuervo del campamento,Normal,6.09,2025-09-26
John Barry,21329740,M,A Factory Magdalen,Normal,8.24,2025-12-12
Dana Phillips,77640783,F,The Greater Will,Normal,8.31,2025-08-22
Robert Vang,27732954,M,The Perils of Pauline,3D,10.08,2025-05-12
Morgan Martin,29660089,F,Die Eisbraut,Normal,6.18,2025-11-13
Erin Blair,53391995,F,Comrade John,Normal,7.42,2025-07-21
Aaron Bush,98557229,M,Manon Lescaut,Normal,8.36,2025-06-11
Donald Roberson,64093677,M,The Sparrow,3D,10.27,2025-05-12
Derrick Mcdonald,71929148,M,The Battle of Love,Normal,8.1,2025-12-29
Mark Hanson,77378407,M,El león de la sierra,Normal,7.36,2025-11-27
Alexander Butler,48429650,M,Entre ruinas,Normal,7.8,2026-04-28
Spencer Harper,67408157,M,"The Life of Big Tim Sullivan; or, from Newsboy to Senator",3D,12.44,2026-01-25
Jonathan Davis,44820680,M,A Balkan Episode,3D,11.04,2025-05-15
Dominique Hall,58964969,F,The Ordeal,3D,11.57,2025-09-11
Edward Bates,50013258,M,A Modern Mephisto,Normal,7.09,2026-02-25
Sean Kelley,33765958,M,The Sign of the Cross,Normal,8.51,2025-08-02
Nicholas George,81833721,M,Saints and Sorrows,3D,10.85,2026-01-28
Keith Miller,44673732,M,A Black Sheep,Normal,8.15,2025-12-06
Erika Clark,63209137,F,Neptune's Daughter,Normal,8.78,2025-08-19
Jason Hester,11569982,M,The Perils of Pauline,Normal,8.3,2025-08-11
Brad Becker,91996763,M,Across America by Motor Car,3D,13.04,2026-02-06
Stephanie Valdez,17718682,F,"Forgiven; or, the Jack of Diamonds",Normal,6.4,2026-01-28
Christine Larsen,86783488,F,The Legend of Provence,Normal,8.93,2025-06-19
Brian Johnson,46757810,M,El signo de la tribu,3D,11.02,2026-04-20
Ryan Tate,77807977,M,The Lipton Cup: Introducing Sir Thomas Lipton,Normal,7.27,2025-09-22
Christine Sanchez,62715760,F,Le nègre blanc,Normal,6.16,2026-02-28
Jacqueline Booth,74766817,F,Im Schützengraben,3D,12.99,2025-06-20
Andrea Wilson,61150575,F,A Florida Enchantment,Normal,6.02,2026-03-22
Amanda Smith,65867687,F,The Eagle's Mate,Normal,7.4,2026-02-01
Heather Long,39159256,F,Neptune's Daughter,Normal,6.69,2025-06-05
Danielle Malone,69249508,F,Sport and Travel in Central Africa,3D,11.25,2026-02-04
Olivia Gamble,58236673,F,El fantasma del castillo,Normal,8.43,2025-08-01
Elizabeth White,98986795,F,'Twas Ever Thus,Normal,6.03,2025-08-01
Daniel Patel,32710812,M,Judith of Bethulia,3D,12.49,2025-10-06
Marissa Conway,68522260,F,Los dos hermanos,Normal,6.63,2026-04-07
Catherine Mcneil,59569398,F,The Tigress,3D,10.55,2025-07-02
Wanda Gutierrez,74275866,F,The Beloved Adventurer,Normal,8.28,2025-07-29
Emily Burch,48701935,F,The Boer War,3D,12.23,2026-05-03
Lindsey Kelley,63798460,F,The Long Arm of the Law,Normal,7.4,2025-11-25
Francisco Mullins,55617390,M,One Wonderful Night,Normal,8.99,2026-04-01
Adam Nielsen,97960642,M,"His Majesty, the Scarecrow of Oz",Normal,6.02,2025-05-07
Joseph Daniels,92316043,M,The Minstrel Man,Normal,6.88,2025-09-16
Kathleen Johnson,46167705,F,The Tangle,Normal,6.73,2026-04-22
Jessica Taylor,43993944,F,Jane Eyre,3D,13.26,2025-10-18
Jill Foley,24141367,F,Tirol in Waffen,Normal,6.99,2025-10-22
Cassandra Wall,11282857,F,The Story of the Kelly Gang,Normal,7.04,2026-01-14
Jesse Mendoza,98984007,M,The Borrowed Babies,3D,13.69,2025-09-01
Sharon Reese,85587090,F,The Apaches of Paris,Normal,6.48,2025-08-30
Jonathan Schwartz,24778235,M,The Crime and the Criminal,Normal,6.97,2025-10-30
Jason Wade,82688427,M,The Chorus Lady,Normal,6.36,2025-08-31
Megan Prince,12879872,F,Black Fear,Normal,7.97,2026-01-02
Tamara Davis,58983855,F,"Les Misérables, Part 2: Fantine",Normal,7.69,2026-04-11
Angel King,50743532,M,Hamlet,Normal,6.15,2025-12-03
Shawn Francis,92945455,M,The Chechako,Normal,6.46,2025-10-29
Caroline Taylor,82206319,F,Tortures Within Prison Walls,Normal,7.06,2026-02-10
Laura Brown,96220449,F,Jess,Normal,8.01,2025-11-14
Christopher Davis,15361161,M,"Captain Starlight, or Gentleman of the Road",3D,12.91,2025-11-29
Sheila Smith,16918243,F,A Daughter of the Sea,3D,10.27,2026-04-23
Jamie Campbell,53255468,F,The Lure of New York,3D,10.61,2025-11-04
Amy Valentine,38850149,F,The Convict Hero,Normal,6.38,2026-03-06
Gabriel Farrell,40288417,M,"Wolfe; or, the Conquest of Quebec",Normal,7.48,2026-02-26
Stephen Liu,78333050,M,"Ireland, a Nation",3D,10.15,2025-05-08
Eric Braun,61724620,M,A 300 éves ember,Normal,7.36,2026-04-14
Robert Nguyen,18639534,M,Den sorte drøm,3D,10.5,2026-02-17
Dr. Shawn Kerr,17661601,M,Ágyú és harang,Normal,6.27,2025-11-12
Anthony Meyer,95334009,M,The Man from Mexico,3D,11.44,2025-10-04
Kathleen Wilson,25962201,F,Anna Karenina,3D,13.55,2025-05-10
Margaret Lara,59292271,F,In the Bishop's Carriage,Normal,6.65,2026-03-29
Zachary Miller,22590095,M,Divorced,Normal,6.42,2026-04-18
Erica Henry,94438501,F,Magda,3D,12.71,2025-06-24
Jaime Elliott,40793992,F,Taking His Chance,3D,12.61,2026-04-27
Charles Wong,52201420,M,Bánk bán,Normal,6.7,2025-08-27
Craig Duran,97448887,M,La gitanilla,3D,10.54,2025-05-27
Benjamin Smith,11170703,M,The Carpet from Bagdad,Normal,7.07,2025-08-26
Scott Brooks,45381638,M,Die Insel der Seligen,3D,12.23,2025-10-27
Robert Knight,83456845,M,Saved in Mid-Air,3D,13.73,2026-03-26
Jason Smith,94754617,M,Richelieu,3D,13.9,2025-05-15
Patrick Hall,19047723,M,The Child of Paris,Normal,6.25,2025-08-24
Jacqueline Beard,34762265,F,Zona de Incursões em Chaves,3D,11.32,2025-07-09
Anna Li,73974750,F,Gøngehøvdingen,Normal,8.83,2026-01-01
Brenda Johnson,43423709,F,Camille,3D,10.31,2025-05-29
Jose Stewart,94245700,M,Faldgruben,3D,11.66,2025-07-27
William Wilson,15225443,M,Lucha por la herencia,3D,13.07,2025-12-03
Melissa French,85249774,F,When Broadway Was a Trail,3D,13.69,2025-11-20
Richard Larson,61283923,M,The Concealed Truth,3D,10.65,2025-10-02
Cassandra Harris PhD,49560377,F,Amor de bestia,3D,13.23,2025-11-27
Kenneth Phillips,40119392,M,La deuda del pasado,3D,10.24,2026-03-03
Sherry Roberts,83248926,F,Evinrude,3D,13.28,2025-06-24
Elizabeth James,92989549,F,The Next in Command,Normal,6.4,2025-11-11
Jerry Owens,95460049,M,Zona olivarera,Normal,7.35,2026-05-03
Wendy Carter,89505792,F,"Romani, the Brigand",3D,10.62,2025-05-26
Dustin Thomas,99583483,M,Viernes de dolores,Normal,6.07,2025-09-18
Kendra Watts,50055685,F,Uriel Acosta,Normal,8.83,2026-01-23
Megan Robinson,47216225,F,"Ireland, a Nation",Normal,7.7,2026-04-07
Robert Moore,59998242,M,McVeagh of the South Seas,Normal,7.92,2025-07-05
Paul Montgomery,68139674,M,The Detective Queen,3D,10.29,2025-09-29
Richard Fletcher,46748454,M,Clarita y Peladilla van a los toros,Normal,8.92,2026-02-04
Nathan Evans,14942991,M,Alias Jimmy Valentine,Normal,6.31,2025-10-11
Molly Turner,28780978,F,A Chopin Nocturne,3D,13.9,2025-05-28
Pamela Sharp,72368706,F,The Master Mind,Normal,6.75,2026-01-29
Max Thomas,19980233,M,The Detective Queen,Normal,8.41,2025-06-30
Ryan Baird,77472982,M,The Bartered Bride,Normal,6.29,2025-09-27
Megan Yang,24377355,F,The Loss of the Birkenhead,Normal,7.63,2026-01-31
Kimberly Cowan,78722781,F,Dante's Inferno,3D,11.75,2026-03-16
Jacob Watson,44623126,M,La gitanilla,Normal,7.53,2025-08-02
Gina Andrews,67133996,F,L'infirmière,Normal,8.93,2025-08-12
Tammy Kramer,51147765,F,La luz que vuelve,Normal,7.41,2025-06-20
Paul Mckinney,43868831,M,The Last Days of Pompeii,Normal,7.29,2025-12-08
Christopher Diaz,38508731,M,Her Luck in London,Normal,8.66,2026-03-17
William Hanson,56940213,M,Always in the Way,3D,12.48,2026-03-10
Robert Chang,20548529,M,The House of Bondage,Normal,7.03,2025-10-28
Robert Mejia,92678228,M,The Golem,Normal,8.89,2025-10-24
Stephanie Mayer,23843119,F,Vicio y virtud,3D,10.83,2025-06-03
Paul Hart,23393508,M,The Chimes,3D,13.07,2026-02-04
Tina Humphrey,61594254,F,Amor de bestia,Normal,6.5,2026-04-23
Martha Kerr,52056573,F,The Coquette,Normal,6.23,2026-03-04
Daniel Garrett,82906248,M,The Last Egyptian,Normal,7.25,2025-05-20
Tina Summers DDS,49041485,F,The Master Mind,3D,13.6,2026-03-16
Christopher Burch,64473626,M,The Poison Needle,3D,12.42,2025-08-12
Miranda Gutierrez,95468561,F,The Battle of Gettysburg,Normal,6.1,2025-08-26
Mary Rhodes,30331273,F,Love of Perdition,Normal,6.06,2025-12-29
Timothy Johnson,64711632,M,A Black Sheep,Normal,8.74,2026-03-02
Jason Fisher,58546611,M,Aloha Oe,Normal,8.08,2025-09-20
Danielle Austin,42263622,F,Zwei Frauen,3D,11.22,2026-01-14
Lindsay English,13190207,F,The Spy,3D,11.64,2026-03-15
Alicia Holmes,97302511,F,Camille,Normal,8.34,2025-06-26
Heidi Griffin,15391898,F,El testamento de Diego Rocafort,3D,12.65,2026-02-01
Matthew Marshall,92332235,M,Ill Starred Babbie,3D,12.3,2025-09-01
Dennis Allen,70368832,M,Jack London's Adventures in the South Sea Islands,3D,10.56,2025-06-20
Jennifer Dennis,79563656,F,La última danza,3D,12.07,2026-03-30
Samantha Duncan,30862275,F,Kapergasten,Normal,8.29,2025-07-03
Frank Baker,59220727,M,The Million Dollar Mystery,Normal,6.14,2025-09-13
George Holmes,64355587,M,Barcelona bajo la nieve,3D,12.33,2026-02-26
Jennifer Chang,26625888,F,The Reign of Terror,3D,13.27,2025-09-28
William Daniel,35556557,M,Aurora Leigh,3D,13.01,2026-04-08
Sergio Graham,88619950,M,Blue Grass,Normal,7.98,2025-12-14
Samuel Jones,60925624,M,Tess of the Storm Country,3D,12.88,2026-04-16
Valerie Dunn,54744122,F,The Bridge of Sighs,3D,12.27,2026-03-19
Erica Lewis,71099622,F,Leiria,3D,10.17,2026-04-21
April Oneal,65301501,F,John Barleycorn,3D,12.44,2025-09-05
Todd Young,70065153,M,The Chocolate Soldier,Normal,8.07,2026-01-08
Rachael Gomez,21741496,F,The Pursuit of the Phantom,3D,14.0,2026-04-01
John Potts,99889106,M,La mort du duc d'Enghien,3D,13.37,2025-06-28
Angel Butler,71520956,M,The Poison Needle,Normal,6.08,2025-07-22
Nicholas Ellis,21510738,M,The Wishing Ring: An Idyll of Old England,3D,11.91,2025-08-10
Jessica Stewart,39571038,F,The Boundary Rider,3D,12.65,2026-02-04
Allen Webb,30714302,M,The College Orphan,3D,11.63,2026-03-24
Earl Morris,17249517,M,Los muertos hablan,3D,10.89,2026-01-16
Peter Perkins,31761975,M,The Mystery of the Poison Pool,3D,10.8,2025-11-13
Gabriella Reed,69973573,F,Hearts United,Normal,6.09,2025-07-16
Carl Prince II,16097394,M,Rosalinda,Normal,8.9,2025-09-25
William Martin DVM,37220264,M,L'infirmière,Normal,7.95,2026-03-04
Donna Miller,43746610,F,When Rome Ruled,Normal,7.34,2025-10-01
Andrew Harris,17053886,M,The Battle of the Sexes,3D,13.53,2026-02-12
Lee Fuller,13268919,M,A Record Hustle Through Foggy London,Normal,7.27,2025-11-10
Mary Mcknight,22862680,F,An Affair of Three Nations,3D,13.24,2025-07-23
Elizabeth Fleming,84218626,F,Excursión al Gombreny,3D,12.99,2025-08-24
Justin Bryan,60427459,M,Tess of the D'Urbervilles,3D,10.84,2025-09-19
Sara Adams,61604447,F,El sello de oro,Normal,6.33,2025-11-14
Julie Hernandez,81097215,F,The Great Leap: Until Death Do Us Part,Normal,6.93,2026-03-27
Kristy Simpson,24497096,F,The Climbers,Normal,7.0,2026-01-18
Lori Jenkins,80502783,F,The Toll of Love,3D,11.02,2026-02-09
Ryan Brooks,88700093,M,One Hundred Years of Mormonism,Normal,7.21,2026-03-23
Tammy English,10889504,F,Su mismo juez,Normal,7.98,2026-03-23
Katherine Martin,22280282,F,Ten Nights in a Barroom,3D,11.94,2026-04-07
Barbara Thompson,65018667,F,The Loss of the Birkenhead,Normal,8.79,2026-01-22
Antonio Hall,83204166,M,Ingeborg Holm,3D,12.99,2025-07-28
Susan Lambert,19969627,F,Damon and Pythias,3D,12.52,2025-10-13
Stacy Lopez,14630689,F,The Coquette,3D,13.96,2025-11-18
Shane Espinoza,96596710,M,Fire and Sword,Normal,8.42,2025-09-30
Renee Valdez,67331258,F,Miss Jerry,Normal,7.81,2026-04-07
Steven Lowery,39598834,M,A Cultura do Cacau,3D,12.56,2026-02-04
Samantha Williams,36075032,F,Cortejo Cívico,Normal,6.87,2025-06-21
Richard Ruiz,71932590,M,Captivating Mary Carstairs,Normal,8.86,2025-09-27
Karen Bird,97388870,F,Barbara Frietchie,3D,13.14,2025-10-25
Angela Hamilton,85498792,F,Beby y su circo,3D,10.63,2025-11-08
Hayley Bradley,58518526,F,The Adventures of Lieutenant Petrosino,3D,11.01,2026-01-26
Todd Foster,24092554,M,The Greater Will,Normal,7.14,2025-05-13
James Murphy,96285001,M,The Cheat,3D,13.62,2026-01-02
Raymond Dickerson,58936204,M,La fuerza del destino,3D,11.7,2025-05-21
Mark Patrick,26859771,M,Tirol in Waffen,Normal,6.25,2026-01-08
Peter Roberson,97086193,M,Blackbirds,3D,10.95,2026-05-03
Jeremy Holmes,55862071,M,Leiria,Normal,8.82,2025-07-17
Ashley Hernandez,83841600,F,The Count of Monte Cristo,3D,11.82,2026-02-25
James Torres,36713253,M,'Neath Austral Skies,3D,13.83,2026-04-02
Scott Campos,39736058,M,"Les Misérables, Part 1: Jean Valjean",Normal,8.74,2026-05-02
Lori Gill,83131913,F,Aristocracy,3D,10.22,2025-07-19
Daniel Garza,33951127,M,Calatayud en fiestas,Normal,7.14,2025-10-04
Jacob Williams,73296393,M,Captain Courtesy,3D,11.74,2025-07-28
Melissa Lewis,64947619,F,A Butterfly on the Wheel,3D,13.28,2026-04-08
Jennifer Zimmerman,29441743,F,Fiestas en Palafrugell,Normal,7.45,2026-03-31
Briana Wood,82463156,F,Bondwomen,3D,13.48,2025-11-08
Brandon Perkins,29094461,M,The Mysterious Man of the Jungle,3D,13.65,2025-10-26
Veronica Cunningham,86974629,F,The Black Chancellor,3D,11.94,2025-11-25
Thomas Hatfield,85600742,M,The Clue,Normal,6.06,2025-11-15
John Allen,52282305,M,1915 World's Championship Series,3D,13.65,2026-03-23
Brian Hall,25145151,M,Niños en la alameda,3D,12.62,2025-09-05
Laura Fischer,31635068,F,Trampa y cartón,Normal,6.4,2025-05-25
William Rodriguez,90657326,M,Life in a Western Penitentiary,Normal,6.23,2025-06-07
Paula Hooper,36643377,F,Chimmie Fadden Out West,3D,13.18,2026-05-03
Vanessa Sparks,56779753,F,Paid in Full,Normal,8.11,2025-09-07
Amber Paul,57681956,F,Hearts United,Normal,6.91,2026-03-05
Sydney Hudson,50531147,F,Das Geschenk des Inders,Normal,7.26,2025-10-08
Shannon Lopez,10319369,F,Luchtkastelen,Normal,6.66,2026-03-24
Robert Willis,19175710,M,La deuda del pasado,3D,13.08,2025-06-05
Michael Soto,96212127,M,Threads of Destiny,Normal,7.06,2025-11-26
William Hunter,76384073,M,The Unwelcome Mrs. Hatch,3D,13.23,2025-09-17
Amy Edwards,24863654,F,China,3D,11.82,2025-05-28
John Benjamin,78883880,M,Menneskedyret,3D,13.16,2026-01-15
Antonio Sandoval,67933268,M,Mrs. Wiggs of the Cabbage Patch,3D,12.18,2026-04-18
Luis Patrick,31115897,M,The Wishing Ring: An Idyll of Old England,Normal,8.43,2025-05-14
Christopher Blair,59472815,M,Gira política de Madero y Pino Suárez,3D,10.7,2026-04-29
Sandra Brewer,45464874,F,Grandes regatas en Barcelona,3D,12.87,2025-05-08
Paige Johnson,98156276,F,Den sorte drøm,Normal,7.62,2025-06-30
Jonathan Clark,84230280,M,The Bridge of Sighs,Normal,7.98,2025-11-09
Jamie Ramirez,99600799,M,Wildflower,3D,12.21,2026-02-16
Sheila Ford,68663457,F,Cardinal Richelieu's Ward,3D,10.17,2025-06-07
Daniel Clark,59575909,M,Fantomas: The Man in Black,Normal,7.14,2026-01-19
Daniel Stewart,14837367,M,The Battle of the Sexes,Normal,8.89,2025-11-28
Elizabeth Rice,40394590,F,Den sorte familie,3D,12.44,2025-08-03
Stephanie Erickson,29208342,F,Michael Strogoff,3D,12.14,2025-11-22
Danny Robles,87922156,M,Donde las dan las toman,3D,13.23,2025-10-10
Joseph Hoffman,57208395,M,The Toll of Mammon,Normal,7.92,2025-08-12
Brian Smith,56496475,M,Das Geschenk des Inders,3D,11.56,2025-11-20
Michael Hester,85268477,M,Los marinos de papel,3D,13.91,2025-06-12
Shawna Young,27537448,F,Linito quiere ser torero,Normal,7.43,2025-07-25
Lauren Bishop,41495086,F,Fiestas en La Garriga,Normal,8.15,2026-03-31
William Cook,57580613,M,For Freedom of Cuba,3D,10.34,2025-11-02
Bobby Kennedy,25587807,M,From the Manger to the Cross,3D,13.98,2025-05-22
Hannah Smith,66340627,F,The Life of Moses,Normal,7.32,2025-12-27
Kenneth Stewart,83383318,M,The Brink,3D,11.88,2025-05-15
Brianna Woods,58418310,F,The Dollar Mark,3D,13.1,2026-02-11
Jack Mitchell,40390637,M,Born Again,3D,10.6,2025-09-25
Joseph Avila,28334387,M,The Black Diamond,3D,11.31,2026-03-10
Cristina Lutz,17302593,F,La conspiration des drapeaux,3D,10.18,2026-04-22
Jeremy Rivera,96968729,M,The Idler,Normal,8.34,2025-11-20
Louis Villegas,38008263,M,The Black Diamond,3D,13.12,2026-04-27
Paul Smith,27608340,M,Sapho,Normal,7.74,2025-10-27
Tamara Cobb,79605280,F,The Sin of a Woman,Normal,6.38,2025-05-14
Jose Holden,41405094,M,Joseph and His Coat of Many Colors,Normal,8.1,2025-05-08
Karen Burns,43420938,F,The Pursuit of the Phantom,Normal,8.74,2026-01-08
Laura Lewis,78892721,F,The Country Mouse,3D,12.04,2025-10-04
Kelly Flores,96277435,F,Thais,Normal,7.57,2026-03-15
Abigail Strickland,69959639,F,Sport and Travel in Central Africa,3D,12.1,2025-12-31
Robin Moore MD,36316386,F,The Fringe of War,Normal,7.6,2025-11-28
Sheila Richards,95713095,F,The Traitress,Normal,7.18,2025-08-22
Tiffany Banks,92041615,F,The Life and Death of King Richard III,Normal,7.96,2025-10-27
Travis Carter,10919686,M,Smashing the Vice Trust,3D,10.04,2025-12-03
Michael Goodwin,15702352,M,DuBarry,Normal,8.39,2025-12-16
Karen Andrews,77618361,F,Body and Soul,3D,13.45,2025-07-04
Erika Cole,42949992,F,Children of the Ghetto,Normal,8.53,2026-01-22
Franklin Nash,45748430,M,Arizona,Normal,6.77,2025-05-05
Austin Carter,29619781,M,The Judge's Wife,Normal,7.29,2025-10-20
Rachel Rowe,37451647,F,"The Pendleton, Oregon, Round-Up",3D,13.45,2025-11-08
Daniel Macdonald,56901521,M,Seal Hunting in Newfoundland,Normal,8.23,2026-04-01
Rhonda Brown,58803682,F,0-18 or A Message from the Sky,3D,10.52,2025-11-11
Eric King,89903591,M,Authentic European War,Normal,8.89,2026-05-03
Gregory Green,72713441,M,The Indian Wars,3D,11.29,2025-05-13
Becky Brown,79274929,F,Die Sumpfblume,3D,12.56,2025-07-20
Emma Schroeder,35882557,F,La malquerida,3D,10.1,2026-04-17
Christopher Miller,83415213,M,Revolução de 5 de Outubro,Normal,8.79,2026-02-13
Shaun Casey,12693937,M,Julius Caesar,3D,11.1,2026-02-15
Matthew Hamilton,74941096,M,El regalo de bodas,3D,13.07,2025-07-20
Diana Romero,68001322,F,The Fortune Hunter,3D,10.9,2026-03-17
Steven Price,89498105,M,The Despoiler,3D,13.02,2025-11-25
Shelly Rivera,71321841,F,Rainey's African Hunt,Normal,6.26,2025-06-29
Tyler Barton,27790464,M,Oliver Twist,Normal,7.14,2025-10-17
Sara Ortiz,58859043,F,The Golden West,Normal,8.17,2025-05-13
Mark Jenkins,82376322,M,The Unwelcome Mrs. Hatch,Normal,7.94,2025-06-09
Sean Knight,11261596,M,Don Quijote,3D,11.33,2026-05-01
Cheryl Graves,36986781,F,The Invisible Power,3D,12.4,2026-01-21
Dana Roberts,61767498,F,O Embarque das Tropas Expedicionárias para Angola e Moçambique,Normal,6.25,2026-03-23
Michaela Sweeney,84600074,F,Arme Eva,Normal,7.3,2025-10-03
Gregory Hall DVM,69067119,M,El sello de oro,Normal,8.63,2025-08-05
Cindy Romero,57686722,F,Manon Lescaut,Normal,7.91,2025-10-03
Nicholas Lawson,46769982,M,"Destiny: or, the Soul of a Woman",Normal,8.63,2025-12-23
John Clark,31985439,M,The Dancing Girl,Normal,7.65,2025-06-03
Alexa Miller,80228264,F,Such a Little Queen,3D,12.73,2026-01-27
Louis Thomas,25746109,M,Alone in New York,3D,11.45,2025-09-25
Chad Stein,98760436,M,Rainha Depois de Morta Inês de Castro,Normal,7.14,2025-05-21
Travis George,14519351,M,Un drama en la montaña,3D,13.62,2026-04-23
Jennifer Floyd,11543096,F,St. Elmo,3D,12.42,2026-01-24
Yvonne Hines,15973708,F,The Million Dollar Mystery,3D,10.29,2025-10-11
Kristine Hayes,91011302,F,Dan,3D,10.66,2025-12-14
Andrea Vargas,82209531,F,The Lipton Cup: Introducing Sir Thomas Lipton,3D,10.44,2026-04-04
Audrey Gibson,30523511,F,Don Quixote,Normal,7.44,2026-03-04
Jennifer Anderson,46056153,F,With General Pancho Villa in Mexico,Normal,6.72,2025-05-26
Barry Wood,96314725,M,The Birthmark,Normal,6.3,2025-09-26
Jeffery Roberts,15500043,M,The Wolf,3D,10.02,2026-01-27
James Garcia,30573740,M,Doc,3D,10.27,2025-07-27
Tyler Cole,61025105,M,I kammerherrens klæder,Normal,6.99,2026-02-02
Ryan Lawson,88214484,M,The Gamblers,3D,10.73,2025-11-01
Timothy Ray,86447968,M,Arme Eva,Normal,8.76,2025-05-13
Brooke Brown,36856105,F,The Life of Moses,Normal,6.32,2025-08-04
Jose Moore,76824955,M,Saved in Mid-Air,3D,11.76,2025-06-01
Michele Nelson,18897472,F,Ten Nights in a Barroom,3D,10.47,2026-02-15
Frank Brown,89289154,M,Tess of the Storm Country,3D,10.07,2026-02-03
Brandon Allen,50321060,M,Even Unto Death,Normal,6.01,2025-07-02
Christine Young,64132283,F,Traffic in Souls,3D,10.64,2025-11-21
Courtney Smith,57228128,F,Shannon of the Sixth,3D,11.58,2026-03-20
Pamela Washington,45634443,F,El modelo de virtudes,3D,12.07,2025-09-30
Rachel Stephens,97377937,F,The Criminal Path,3D,10.89,2026-03-21
Jessica Butler,61992264,F,Seal Hunting in Newfoundland,Normal,6.89,2025-08-04
Patrick Kelly,13681002,M,Chinatown Pictures,3D,11.97,2025-08-27
Jerry Lopez,80203495,M,Britain Prepared,3D,11.19,2025-10-02
Stacy King,46655229,F,Ungarische Rhapsodie,Normal,8.58,2025-08-19
Daniel Dixon,51295865,M,The Cheat,Normal,8.75,2025-12-31
Tracy Lopez,29738073,F,"The World, the Flesh and the Devil",3D,10.42,2026-02-26
Juan Harris,23736005,M,Black Fear,3D,10.73,2026-01-20
Kelly Horn,32632396,F,The Envoy Extraordinary,Normal,7.65,2026-03-17
Thomas Ward,63468649,M,Pierre of the Plains,3D,13.02,2025-05-04
Amy Ferguson,98059478,F,I kammerherrens klæder,3D,11.82,2026-02-07
Daniel Martin,60138390,M,The Mystery of the Diamond Belt,Normal,8.11,2026-04-03
Dr. Jane Lopez,36578733,F,Das Geschenk des Inders,3D,12.46,2025-08-09
Cory Meyer,51243095,M,The Bachelor's Romance,3D,10.1,2026-02-22
Victor Galvan,19515187,M,Your Girl and Mine: A Woman Suffrage Play,Normal,7.55,2026-02-13
Melissa Ball,36487262,F,Beating Back,Normal,6.25,2025-09-14
Jeffery Mason,15100628,M,Ágyú és harang,Normal,7.37,2025-08-02
Tony Jones,28231670,M,The Fight for Millions,Normal,8.16,2025-05-20
Regina Graham,94599495,F,The Lure of New York,Normal,6.93,2025-09-14
Jason Thomas,36414894,M,A Woman Who Did,3D,10.35,2025-11-01
Kelsey Garza,18601105,F,Adoptivkind,Normal,7.8,2025-05-15
Rhonda Brock,18137359,F,The Brand,3D,10.87,2025-07-14
Amy Harris,49924772,F,The Nightingale,3D,11.23,2025-05-09
Richard Preston,30384522,M,Los Pirineos de Port-Bou a Andorra,Normal,6.07,2025-12-21
Heather Morales,32685485,F,Sixty Years a Queen,Normal,6.6,2025-09-14
Jacob Atkinson,20251505,M,DuBarry,3D,13.75,2026-02-04
Crystal Williamson,67494338,F,The Painted World,3D,12.26,2026-02-01
Olivia Washington,90741656,F,A Child of the Prairie,Normal,6.62,2025-06-27
Paul Clarke,70922568,M,At the Torrent's Mercy,3D,11.61,2025-07-30
Steven Dominguez,67390669,M,Jane Eyre,3D,13.43,2026-02-27
Brianna Hill,85325054,F,A Study in Scarlet,Normal,8.79,2026-02-15
Allison Horne,74040261,F,Hypocrites,3D,11.92,2025-05-13
Courtney Lawson,12987363,F,The Dollar Mark,Normal,8.49,2026-04-08
Tanya Brown,98061162,F,Armstrong's Wife,Normal,6.61,2025-08-12
Diane Lewis,66492474,F,Born Again,3D,10.33,2025-05-18
Dr. Jacqueline Sanchez,12891119,F,Le bagnard,3D,13.21,2025-08-23
Travis Hess,70564031,M,The Cub,Normal,7.76,2025-05-07
Megan Torres,44470118,F,The Call of the North,3D,10.02,2026-02-07
Julia Moreno,31221267,F,Black Fear,3D,12.78,2026-04-07
Travis Fuentes,30605084,M,Il trovatore,3D,12.77,2025-09-29
Barbara Sampson,15174620,F,Battle of Gettysgoat,Normal,8.27,2025-06-21
Eileen Lewis,49509714,F,Gatans barn,3D,11.02,2025-11-27
Jeremy Carter,93129045,M,The Butterfly,Normal,6.77,2025-09-10
Amanda Travis,70386629,F,Thais,3D,12.85,2026-04-10
Jeremy Peters,38658134,M,Zigomar contre Nick Carter,Normal,6.33,2025-05-21
Natalie Salazar,96412137,F,Anny - Story of a Prostitute,Normal,7.87,2026-01-06
Dominique Hill,57832980,F,The Butterfly,3D,13.56,2026-04-20
Kathryn Campbell,55456355,F,Viernes de dolores,3D,11.3,2025-12-25
Christine Rivera,82754665,F,The Rattlesnake,3D,11.99,2026-03-25
Anthony Abbott,10368324,M,Joseph in the Land of Egypt,Normal,6.27,2025-05-15
Terri Lane,95357824,F,The Fortune Hunter,Normal,8.72,2026-01-02
Barbara Floyd,48478050,F,La mort du duc d'Enghien,Normal,7.26,2025-07-25
Kenneth Dennis,15547535,M,Der fremde Vogel,3D,10.28,2026-01-09
Aaron Kaiser,99762747,M,What Is to Be Done?,Normal,8.54,2025-07-12
Dylan Clark,77947478,M,The Price He Paid,3D,11.27,2026-03-21
Justin Perry,78331395,M,The Alaska-Siberian Expedition,Normal,6.11,2026-03-05
Amy Smith,59506928,F,The Little Angel of Canyon Creek,3D,11.5,2025-10-22
Danny Dunn,54546982,M,Die Landstraße,3D,10.88,2026-04-03
James Alvarado,11699606,M,The Orphan,3D,12.69,2025-10-09
Ronald Baker,16547305,M,The Four Poster Pest,Normal,8.23,2025-10-14
Felicia Zavala,25061059,F,The Swagman's Story,Normal,7.16,2025-10-24
Erika Martin,91852412,F,Courtmartialed,3D,11.09,2025-09-07
Barry Anderson,32756320,M,Samson,Normal,7.27,2026-03-08
Joseph Floyd,24267186,M,The Devil's Daughter,Normal,6.37,2025-07-09
Carlos Ho,82156434,M,Two of the Boys,3D,12.73,2025-07-15
Crystal Jacobson,11019493,F,The Infant at Snakeville,3D,12.73,2025-07-07
Shelby Mullins,29853776,F,Lena Rivers,Normal,8.3,2025-06-23
Amanda Gray,83976175,F,From Dusk to Dawn,3D,13.34,2026-03-23
Dakota Mcfarland,55216684,M,The Old Armchair,3D,10.96,2025-12-20
Jennifer Parker,19548139,F,The Perils of Pauline,3D,13.1,2025-12-10
Matthew Powers,74017604,M,Heilig recht,Normal,8.43,2025-07-26
Sean Graham,71537697,M,L'aluminite,Normal,8.43,2025-11-18
Jason Hunt,33848645,M,Il trovatore,3D,13.37,2025-11-18
Mary Jenkins,23481900,F,David Harum,3D,11.09,2026-04-26
Jose Ward,16945508,M,The War Extra,3D,11.36,2026-02-26
Barbara Smith,93092331,F,The Fatal Night,3D,10.36,2026-04-13
Ashley Scott,88934703,F,The Man Who Could Not Lose,3D,11.79,2025-05-08
Sherry Evans,97621727,F,"Price of Treachery; Or, The Lighthouse Keeper's Daughter",Normal,7.42,2026-03-24
Richard Morris,62948033,M,Hamlet,3D,12.17,2026-03-31
Eric Buckley,65721919,M,La luz que vuelve,3D,11.09,2026-03-12
Timothy Banks,33259699,M,El modelo de virtudes,Normal,8.55,2025-11-05
Sydney Wheeler,43322571,F,In the Prime of Life,3D,11.03,2025-11-08
Nicole Johnson,22688570,F,The Devil,Normal,7.98,2026-04-16
Claire Owen,14456613,F,Shannon of the Sixth,Normal,7.41,2025-11-26
Cheryl Bowman,51506458,F,The War Extra,3D,13.01,2026-02-21
Steven Smith,51464085,M,The Colonel's Son,3D,11.67,2025-05-05
John Mejia,50913365,M,War Is Hell,3D,11.22,2026-04-19
Kim Atkins,21117203,F,'Round the World in 80 Days,3D,12.4,2025-06-11
Phillip Johnson,46795398,M,A Continental Girl,3D,10.74,2026-04-14
William Weiss,67267417,M,Hearts of Oak,3D,10.99,2025-09-20
Meghan Cohen,33781734,F,Corrida de toros en Calatayud,Normal,8.66,2025-10-04
Arthur Lopez,14869724,M,Sealed Orders,Normal,8.63,2025-06-30
Keith Burton,81566765,M,The Alaska-Siberian Expedition,Normal,7.69,2025-09-13
Travis Rodriguez,94661738,M,The Pride of Jennico,3D,13.79,2026-03-29
Alexandra Sanchez,98750354,F,The Firefly,Normal,7.74,2026-04-18
Michael Li,65229413,M,Shadows of the Moulin Rouge,3D,11.18,2026-04-24
Ashley Barnett,84511346,F,Cardinal Richelieu's Ward,3D,12.64,2025-09-21
Gina Fletcher,85788839,F,Jess of the Mountain Country,Normal,8.87,2026-01-29
Lisa Hurley,95120545,F,Conscience,3D,11.28,2025-10-09
John Ward,96283850,M,Battle of Gettysgoat,3D,13.44,2025-11-13
Joshua Tyler,37916989,M,Business Is Business,Normal,7.93,2025-10-06
Megan Johnson,39397764,F,The Million,Normal,7.84,2025-11-11
Julia Brown,96053443,F,Der Eid des Stephan Huller,3D,13.88,2026-01-04
Kevin Rhodes,89077161,M,Smashing the Vice Trust,Normal,7.94,2025-09-29
Jacqueline Hale,59509505,F,The Heir to Skjoldborg,Normal,9.0,2025-09-06
Elizabeth Smith,11688883,F,Ingeborg Holm,Normal,6.26,2025-08-22
William Wyatt,87361663,M,Captivating Mary Carstairs,Normal,7.16,2026-04-09
Jacob Williams,54122002,M,The Path Forbidden,3D,11.32,2025-10-02
Jonathan Carter,78217378,M,The Envoy Extraordinary,3D,13.03,2025-09-07
Roy Graham,92573353,M,Vendetta,3D,13.86,2026-04-06
Jenny Davis,79832068,F,La vida en el campamento,Normal,6.98,2026-03-24
Sean Ball MD,56612175,M,Ill Starred Babbie,3D,13.44,2026-04-26
Crystal Cook,91520976,F,Beneath the Czar,Normal,6.81,2025-08-31
Mark King,68519105,M,Butter,3D,13.63,2025-06-24
Diane Harding,33528969,F,I kammerherrens klæder,3D,12.53,2025-12-19
Michael Bowers,23629548,M,East Lynne,Normal,8.26,2026-04-18
Anthony Powell,10264213,M,The Prodigal Daughter,3D,12.07,2026-01-14
Christina Mitchell,58160464,F,Officer 666,Normal,7.9,2025-10-05
Christine Berg,84011935,F,The Book of Nature,3D,13.15,2025-06-02
Rachel Malone,25079828,F,Hypocrites,3D,11.39,2025-05-11
Barbara Smith,37112087,F,The Detective Queen,3D,13.69,2025-07-26
Tracy Robinson MD,33270361,F,The Royal Box,Normal,8.57,2025-11-25
Carlos Guzman,47333459,M,The Secret of the Mountain,3D,12.16,2026-04-22
William Powell,41174672,M,Trapped in the Great Metropolis,Normal,7.9,2025-09-05
Nicholas Roberts,25213614,M,Fantômas: In the Shadow of the Guillotine,3D,12.9,2025-07-06
Frank Cobb,77048710,M,Who Will Marry Mary?,Normal,8.72,2025-06-23
Stephanie Ryan,34096590,F,"Herrerín y Ballesteros, en Alagón",Normal,8.54,2026-02-06
Dillon Jennings,17075453,M,El testamento de Diego Rocafort,3D,13.26,2025-07-05
Charles King,17052217,M,Authentic European War,3D,12.49,2026-03-09
John Bailey,18603457,M,El signo de la tribu,3D,11.21,2025-08-06
James Good,18332198,M,East Lynne,3D,12.7,2025-07-30
Beth Jones,52812829,F,Jess of the Mountain Country,Normal,6.86,2025-06-07
Denise Shelton,84807360,F,The Black Diamond,3D,11.83,2025-10-12
Louis Crosby DDS,95112016,M,Menneskedyret,3D,13.75,2026-01-13
Jeffrey Marquez,17710185,M,A Sister to Carmen,3D,12.86,2026-02-18
Erica Jackson,13559373,F,Assunta Spina,3D,12.78,2025-06-18
Stephanie Day,60775065,F,The Butterfly,3D,11.6,2025-11-14
Eric Archer,39419981,M,Lola,Normal,6.18,2026-02-17
Edward Calhoun,70795409,M,The Butterfly,Normal,7.42,2025-10-13
Tracy Clark,10269122,F,The Tangle,3D,10.42,2025-11-09
Scott Lambert,40172054,M,The Pit,3D,10.22,2025-08-04
Eric Smith,36534932,M,Escaped from Siberia,3D,13.66,2025-07-12
Laurie Cruz,54946003,F,Your Girl and Mine: A Woman Suffrage Play,3D,12.86,2026-03-01
Debra Mason,66620627,F,The Silence of Dean Maitland,3D,10.57,2025-05-16
Gregory Davis,15371339,M,"Ireland, a Nation",Normal,7.85,2025-05-06
Joan Kelly,32636197,F,The Dishonored Medal,3D,13.3,2025-08-10
Michael Bailey,64322246,M,The Land of the Lost,Normal,8.56,2026-03-31
James Williams,94812880,M,Taking His Chance,3D,12.26,2026-04-17
Timothy Thompson,16012128,M,The Flying Circus,3D,12.57,2025-07-15
Derrick Moore,26432865,M,Gøngehøvdingen,3D,11.3,2025-12-09
Dawn Robinson,82025390,F,Behind the Scenes,3D,10.87,2025-05-04
Matthew Bennett,83914573,M,The Great Leap: Until Death Do Us Part,Normal,8.05,2025-12-01
John Brennan,82603770,M,El pobre Valbuena,Normal,7.73,2025-08-28
Michael Anderson,11512176,M,A Cultura do Cacau,Normal,7.18,2025-12-25
Jennifer Davis,12870050,F,The Student of Prague,3D,12.74,2025-07-27
Robert Barr,79343582,M,Ivanhoe,Normal,6.7,2025-11-17
Tammy Lewis,93399192,F,Burning Daylight: The Adventures of 'Burning Daylight' in Alaska,3D,11.24,2025-11-10
Crystal Hughes,65655141,F,Judge Not,Normal,7.71,2025-09-05
Mindy Wilson,57361642,F,The Littlest Rebel,Normal,6.93,2025-12-14
Veronica Hopkins,36945081,F,Gatans barn,Normal,6.44,2025-08-05
Lori Fisher,46305612,F,Verkannt,Normal,8.38,2025-07-11
David Stein,64128672,M,At the Cross Roads,3D,10.11,2025-09-29
Larry Jenkins,95080633,M,The Three of Us,3D,10.36,2025-10-05
Andrew Smith,61600174,M,Pommy Arrives in Australia,Normal,8.41,2025-10-19
Tammy Russell,16540502,F,At the Cross Roads,3D,11.25,2026-04-10
Amber Johnson,51641117,F,Shore Acres,3D,10.38,2025-05-05
Joshua Ramirez,94868110,M,Are You a Mason?,Normal,8.56,2026-02-18
Erica Davis,86216595,F,The Secret of the Well,Normal,6.76,2026-04-23
Mackenzie Stewart,91993794,F,The Toll of Mammon,3D,12.41,2026-03-29
Carol Torres,51908266,F,The Clod,Normal,7.44,2026-04-08
Hunter Morgan,74131755,M,The Butterfly,Normal,6.68,2025-08-01
Krista Mcintyre,62039630,F,A Tourada dos Casimiros,3D,13.9,2025-06-25
Shelley Harris,62461972,F,The Devil's Daughter,3D,13.77,2026-02-11
Billy Delgado,83442288,M,Where Is Coletti?,3D,10.95,2025-08-24
Jose Watkins,42577020,M,Beby y su circo,3D,13.79,2026-03-24
Patrick Martinez,16562774,M,The Active Life of Dolly of the Dailies,Normal,6.79,2025-06-21
William Solis,82834453,M,Die Sumpfblume,Normal,6.32,2026-01-07
Nicole Cooke,18747971,F,Fiesta de toros,3D,12.54,2026-03-03
Jessica Cuevas,16910382,F,Amor de pescadora,Normal,7.43,2026-01-15
Mr. Aaron Brooks,18492189,M,Un drama en la montaña,Normal,6.76,2025-06-03
Alexandria Hoover,64174012,F,The Fight for Millions,3D,12.28,2025-06-13
Michelle Roy,82135972,F,The Keys to Happiness,3D,12.33,2025-07-05
Roger Herman,91713534,M,Faldgruben,Normal,7.13,2025-12-27
Christina Maldonado,22219859,F,Smith's Knockabout Theatre,Normal,6.84,2025-11-17
Thomas French,79449193,M,The Spirit of the Poppy,3D,11.18,2026-03-09
Stacy Gilbert,40154606,F,Melilla y el Gurugu,3D,13.73,2025-10-27
Robert Daniels,34656969,M,El cuervo del campamento,3D,12.36,2025-08-26
Jeremiah Gardner,44139668,M,Blind Man's Bluff,3D,10.5,2025-06-22
Patrick Brown,65869834,M,The Eagle's Mate,Normal,7.01,2025-10-08
Ashley Ortiz,12644654,F,A Black Sheep,3D,10.58,2025-08-31
Heather Miranda,83028437,F,De industrieel van Pont Avesnes,Normal,7.87,2025-12-20
David Green,33941394,M,La conspiration des drapeaux,Normal,6.39,2026-03-21
Jenna Collins,32773539,F,The Apaches of Paris,Normal,7.13,2025-08-05
Andrew Olson,66168159,M,The House of Bondage,3D,12.93,2026-03-10
Jennifer Anthony,31022620,F,The Last Volunteer,3D,10.63,2025-08-22
Heather Edwards,40280396,F,Verkannt,3D,12.14,2025-12-06
David Boyer,17235447,M,The Cowardly Way,Normal,7.84,2025-12-09
Thomas Spears,31504690,M,The Criminal Code,3D,13.68,2025-09-06
Misty Ferguson,13726198,F,Statistinnen des Lebens,Normal,6.89,2025-06-29
Shelley Smith,37833852,F,Don Juan de Serrallonga,3D,10.53,2025-06-17
Jordan Hoffman,28652945,M,The Boer War,Normal,8.39,2026-05-03
Zachary Haney,82373913,M,Sins of the Parents,3D,10.65,2025-08-28
Todd Williams,93040213,M,After Dark,3D,12.05,2026-04-02
Mr. Robert Bauer,37778803,M,Escaped from Siberia,Normal,6.93,2026-04-24
Matthew Pitts,94706693,M,The Cup of Life,3D,10.06,2025-06-02
Stephanie Harris,96814552,F,Statistinnen des Lebens,Normal,8.47,2026-02-03
Janet Maldonado,99922920,F,The Battle Cry of Peace,Normal,6.27,2026-05-02
Jennifer Evans,76545065,F,Gira política de Madero y Pino Suárez,Normal,8.05,2025-08-06
Michelle Thomas,95358940,F,De cuarenta para arriba,Normal,7.6,2026-03-28
Sonya Rivas,28900977,F,A Batalha,3D,11.42,2026-01-29
Nathaniel Mcdonald,54824684,M,Alone in New York,3D,11.36,2026-01-10
Benjamin Williams,61043897,M,Across America by Motor Car,Normal,6.5,2025-07-24
Michael Smith,37295262,M,The Dawn of a Tomorrow,Normal,7.65,2025-10-22
Leah Horne,88744030,F,The Little Angel of Canyon Creek,Normal,8.65,2025-07-15
Kathleen Torres,87581080,F,Cora,3D,10.94,2026-05-01
Patrick Ortega,65278361,M,The Battle of the Sexes,3D,13.88,2025-05-19
Nathan Anderson,12359619,M,A Continental Girl,Normal,8.48,2026-01-19
James Mendez,75616970,M,The Spoilers,3D,12.43,2026-03-22
Cynthia Richardson,11334791,F,Miss Jerry,3D,13.82,2025-09-27
James Reed,36143497,M,The Battle and Fall of Przemysl,Normal,6.55,2025-08-07
Nicole Hughes,22046647,F,El amigo del alma,Normal,6.86,2025-06-10
Rebecca Walker,37868269,F,The Caprices of Kitty,Normal,7.8,2026-01-18
Larry Adams,38724204,M,The House of Bondage,Normal,8.47,2025-09-12
Karen Krueger,51123526,F,Pagan Rome,Normal,7.41,2026-02-04
Amy Terry,90679703,F,A Good Little Devil,Normal,6.94,2025-09-01
Sandra Holmes,82562974,F,Sapho,Normal,8.35,2026-03-26
Samuel Salinas Jr.,35164808,M,Der Eid des Stephan Huller,3D,10.31,2025-09-15
Gregory Lee,46379089,M,Two of the Boys,Normal,6.58,2025-06-28
Mr. Kevin Ward,22792558,M,Life of Villa,3D,10.59,2025-11-12
Randall Brown,91067576,M,Excursión a San Lorenzo de Munt,Normal,6.44,2025-09-30
Kari Hoffman,80003720,F,Les frères ennemis,3D,12.3,2025-11-02
Amy Allen,22213636,F,Bandits of the Border Mine,3D,10.79,2025-06-29
Erin Stephens,52398937,F,The Tonopah Stampede for Gold,Normal,6.42,2025-06-09
Angie Reyes,16904075,F,After Five,3D,10.87,2026-03-09
Bradley Wood,49120340,M,Fiestas en Palafrugell,3D,10.17,2025-12-04
Ashley Camacho,67255521,F,The Caprices of Kitty,Normal,6.12,2026-02-20
Shawn Taylor,77614310,M,A Study in Scarlet,3D,12.72,2026-03-21
Carly Hernandez,43534300,F,The Yellow Traffic,3D,13.74,2025-05-21
Christine Valenzuela,99098757,F,In the Stretch,3D,11.47,2025-12-16
Jason Young,88772161,M,Il y a des pieds au plafond,3D,12.62,2025-05-27
Jeffrey Taylor,45925577,M,The Count of Monte Cristo,Normal,8.14,2025-08-06
James Smith,13410468,M,The Caprices of Kitty,3D,13.94,2026-03-30
David Walker,58582310,M,"Wolfe; or, the Conquest of Quebec",3D,10.75,2025-11-14
Jennifer Carter,97513439,F,The Dictator,Normal,8.64,2026-03-06
Mike Carlson,11983080,M,The Absentee,Normal,7.59,2025-06-08
Linda Rangel,15636671,F,Oedipus Rex,3D,11.23,2025-12-07
Nicole Hodges,49450200,F,The Burglar and the Lady,Normal,7.53,2026-03-08
Angel Howard,74022734,F,Tillie's Punctured Romance,3D,10.39,2025-09-20
Debbie Faulkner DDS,12865039,F,Manon Lescaut,3D,13.71,2026-04-24
Megan Ortiz,71549343,F,The Count of Monte Cristo,Normal,8.61,2025-12-06
William Berry,21520323,M,The Deep Purple,3D,10.26,2026-04-28
Amber Hamilton,42816433,F,Pommy Arrives in Australia,Normal,7.47,2026-01-04
Dominique Williams,29504789,F,"Les Misérables, Part 1: Jean Valjean",3D,12.48,2025-12-28
David Rios,57557518,M,The Last Egyptian,3D,11.15,2025-07-27
John Brown II,35021130,M,The Climbers,3D,12.81,2025-12-22
Beth Dominguez,39401633,F,Hearts United,Normal,6.26,2025-07-08
Stanley Price,83466032,M,Oliver Twist,3D,10.8,2025-08-26
Lauren Weiss,87746161,F,Fantômas: The False Magistrate,3D,12.24,2025-12-30
Amanda Meyer,92617222,F,"The $5, 000, 000 Counterfeiting Plot",Normal,8.78,2026-01-20
Andrea Bush,40863371,F,A Boy and the Law,3D,11.58,2025-06-19
Anthony Gilbert,76946838,M,The Infant at Snakeville,3D,10.99,2025-07-20
Billy Anderson,41170521,M,The Lipton Cup: Introducing Sir Thomas Lipton,3D,11.55,2025-12-23
Daniel Lopez,68465234,M,Down with Weapons,3D,12.57,2025-05-05
Samuel Norris,62908060,M,Valdemar Sejr,Normal,7.35,2025-05-31
Carol Martin,45436047,F,El hijo del mar,Normal,6.82,2025-11-25
Isaiah Fischer,52922948,M,"Les Misérables, Part 2: Fantine",3D,12.98,2026-01-25
Mark Morales,20862473,M,The Great Diamond Robbery,Normal,7.75,2026-02-18
Erica Briggs,18871672,F,The Black Diamond,Normal,6.47,2025-12-16
Dr. Heather Holmes MD,93428638,F,Die Tangokönigin,Normal,7.3,2026-02-15
Melissa Moore,34252155,F,Golddigger,Normal,6.0,2025-10-02
Tracy Johnson,57193529,M,Jane Shore,3D,11.73,2026-01-08
William Short,23833244,M,A Chopin Nocturne,3D,11.11,2026-04-07
Stephen Floyd,23054562,M,Un solo corazón o Los muertos viven,Normal,6.14,2025-08-14
Rick Hoffman,69264318,M,Count DeBesa's Mexican Pictures,Normal,8.0,2026-04-05
Gregory Knight,12856043,M,Magda,3D,12.22,2025-05-29
Donna Smith,63369386,F,The Battle of Shiloh,Normal,6.55,2026-02-25
Brittany Gonzalez,28405841,F,Un drama en la montaña,3D,12.16,2026-02-09
Mario Fernandez,29295312,M,Trampa y cartón,Normal,6.67,2025-07-10
Joseph Lewis,64081574,M,Le camée,Normal,7.26,2025-10-08
Martha Collins,78419361,F,Anfisa,3D,10.76,2025-09-09
Anthony Giles,82514759,M,La intrusa,3D,10.65,2025-06-18
Gerald Huynh,50479588,M,Officer 666,3D,10.17,2025-08-22
Teresa Hill,98834749,F,The Boer War,3D,11.6,2026-01-31
Heather Gordon,89598042,F,Charles IV,Normal,6.52,2026-01-16
Nathan Yoder,99896055,M,El caballero Casarroja,3D,13.33,2025-12-11
Stacey Willis,40979972,F,Lucille Love: The Girl of Mystery,3D,11.42,2025-07-04
Brian Nguyen,55048839,M,The Chocolate Soldier,Normal,8.09,2026-03-12
Michael Scott,90259970,M,Are You a Mason?,3D,13.86,2026-04-02
Garrett Harris,46405448,M,The College Orphan,3D,11.3,2025-08-12
Ryan Barnes,92635769,M,The Christian,Normal,8.71,2026-03-02
Vincent Jones,32687012,M,The Hazards of Helen,3D,12.53,2025-06-25
Lori Dudley,97818830,F,La deuda del pasado,Normal,6.8,2025-10-24
Ronald Alexander,89337520,M,The Battle of Ballots,3D,10.12,2026-04-02
Veronica Kent,56158715,F,El pollo Tejada,3D,10.76,2025-12-08
Julie Evans,74630099,F,The District Attorney,Normal,8.55,2025-08-26
Mark Hood,68742749,M,The Life of General Villa,3D,11.27,2025-05-23
Jacqueline Thomas,48429312,F,The Convict Hero,Normal,7.5,2025-07-14
Mr. Marc Clark,65072442,M,Fantômas: In the Shadow of the Guillotine,3D,12.74,2025-09-09
James Miller,12532428,M,Always in the Way,3D,13.04,2025-08-25
Karen Smith,63450646,F,The Stranglers of Paris,3D,12.6,2026-01-18
Kristie Love,82120478,F,Excursión a San Lorenzo de Munt,Normal,7.67,2025-06-27
Stephen Harrell,64119097,M,The Beachcomber,Normal,6.9,2025-10-21
Allison Pena,55985620,F,Common Beasts of Africa,Normal,8.73,2025-05-25
Valerie Wallace,86721445,F,Le bagnard,3D,10.09,2026-03-31
Michael Butler,67763739,M,The Life and Death of King Richard III,3D,10.31,2025-09-29
Miss Stephanie Reeves,64156705,F,The Dawn of a Tomorrow,Normal,8.14,2025-10-27
Richard Kelly,87778330,M,Linito quiere ser torero,3D,11.47,2026-04-23
Cynthia Thomas,58511827,F,Betty in Search of a Thrill,3D,12.49,2025-11-09
Debra Crosby,34965279,F,When Broadway Was a Trail,Normal,8.94,2025-11-12
Karen Ballard,27784441,F,Mother Love,Normal,7.46,2025-10-24
James Snyder,85891494,M,Burning Daylight: The Adventures of 'Burning Daylight' in Alaska,Normal,6.43,2026-01-21
Terri Johns,14728896,F,American Game Trails,Normal,7.85,2026-03-15
Rachel Torres,55495349,F,The Woman in Black,Normal,6.21,2026-04-27
Christopher Griffin,69170305,M,Mother Love,Normal,7.65,2025-05-24
Daniel Cox,93783831,M,Atop of the World in Motion,3D,13.91,2025-06-27
Mark Johnson,10773829,M,Amor de bestia,Normal,7.24,2025-06-23
Jason Clark,25160518,M,The War Extra,3D,11.36,2025-09-19
Jonathan Wiggins,25234630,M,The Vicar of Wakefield,Normal,6.47,2026-03-18
Benjamin Salas,92327234,M,Evinrude,3D,12.92,2025-08-28
Robert Jordan,92800174,M,Bella Donna,3D,13.31,2026-02-26
Lauren Wilson,47082701,F,El calvario de un héroe,3D,13.58,2025-11-22
Katherine James,51615671,F,L'infirmière,3D,10.46,2026-04-13
Mary Martinez,98058844,F,Der Verführte,Normal,8.34,2025-05-07
Christopher Leon Jr.,89433685,M,"His Holiness, the Late Pope Pius X, and the Vatican",3D,11.75,2025-10-24
David Bell,98693857,M,De industrieel van Pont Avesnes,Normal,7.76,2025-08-31
Gary Peterson,42285560,M,Mexican War Pictures,3D,10.34,2025-05-08
Patricia Brown,11066341,F,The Key to Yesterday,Normal,6.59,2026-04-25
Darrell Wilson,75895099,M,The Old Armchair,3D,10.89,2026-04-07
William Blake,73510949,M,The Colonel's Son,Normal,6.8,2025-07-27
Richard Taylor,58677485,M,Damaged Goods,3D,12.15,2026-01-20
James Ellis,87016865,M,På livets ödesvägar,3D,13.04,2025-09-23
Charlene Figueroa,22725388,F,The Orphan,Normal,8.62,2026-04-24
David Howe,42784964,M,Lena Rivers,Normal,7.39,2025-06-12
Caitlin Ortiz,24596557,F,The Secret of the Well,Normal,8.5,2025-05-05
Judy Woods,79152940,F,After Five,3D,11.18,2025-09-07
Justin Lopez,31850244,M,Los marinos de papel,Normal,8.73,2025-06-04
Stephanie Martinez,80061021,F,Amor gitano,3D,12.19,2025-07-13
Stacy Steele,82127791,F,Viernes de dolores,Normal,7.59,2026-03-01
Sara Lopez,74967867,F,Uma Ferra em Salvaterra de Magos,Normal,8.93,2025-05-16
Pamela Lewis,78796946,F,A Sister to Carmen,Normal,8.45,2025-10-06
Christopher Marshall,20398443,M,Such a Little Queen,Normal,6.16,2025-12-30
Thomas Parker,82556836,M,The Toll of Love,Normal,6.15,2026-01-13
Lauren Steele,11475371,F,La tierra de los naranjos,Normal,9.0,2025-12-06
Patricia Hill,14272403,F,The Human Bloodhound,3D,12.72,2025-05-22
Rhonda Sullivan,49348791,F,A Continental Girl,Normal,8.05,2025-11-20
Ronnie Gallagher,87368176,M,The Tigress,3D,11.11,2025-11-09
Leah Gonzales,92405998,F,A Florida Enchantment,3D,13.81,2026-01-25
Brittney Frazier,22857505,F,The Colonel's Son,Normal,6.07,2025-11-19
Jeffery Suarez,84930552,M,Conscience,3D,13.71,2026-03-09
Robin Acosta,10147558,F,The Alster Case,Normal,7.42,2025-06-18
Victoria Brown,78830175,F,På livets ödesvägar,3D,11.02,2026-04-30
Lisa Becker,57119030,F,The Castle of Thornfield,Normal,8.73,2026-03-09
Marissa Murray,12915887,F,Children of Eve,3D,13.15,2025-11-11
Seth Petersen,83670319,M,El sello de oro,3D,13.07,2026-01-19
Mary Bates,22862199,F,The Master Mind,3D,10.35,2025-05-10
Melissa House,25433507,F,Joseph in the Land of Egypt,3D,12.76,2026-01-29
Christopher Smith,10889726,M,"Germinal; or, The Toll of Labor",Normal,8.08,2025-06-03
Jenna Fleming,75797473,F,Badehotellet,Normal,8.37,2025-06-23
Cathy Obrien,26114366,F,Traffic in Souls,3D,13.18,2025-09-04
Patricia Buchanan,54046348,F,Noche de sangre,3D,12.19,2026-03-13
Mary Ayala,27327732,F,Beby y su circo,3D,10.3,2025-09-23
Richard Smith,22101757,M,De Garraf a Barcelona,3D,13.94,2025-07-01
Elizabeth Smith DDS,46983677,F,The Straight Road,Normal,7.28,2025-08-15
Mr. Darren Tran Jr.,59042178,M,A Pesca do Bacalhau,3D,12.5,2026-04-08
Krystal Fisher,90250872,F,Cora,3D,12.16,2026-01-06
Barbara Scott,83613925,F,Prince Edward Island in Motion; Home of the Silver Black Fox Industry,3D,12.24,2025-05-20
Dr. Chris Reyes,75503628,M,Judge Not,Normal,6.06,2025-10-23
Kiara Taylor,93980246,F,Three Weeks,3D,12.39,2025-12-09
Samantha Shannon,86534051,F,Stormfågeln,Normal,6.49,2025-12-13
Jessica Stokes,45337654,F,A Modern Mephisto,3D,10.12,2025-08-09
Kelsey Espinoza,66066513,F,When Broadway Was a Trail,Normal,8.74,2026-04-20
Danny Williams,87638278,M,The Black Heart,3D,12.53,2026-04-24
David Powell,80715830,M,The Battle and Fall of Przemysl,Normal,6.59,2025-06-19
Keith Davis,45049712,M,Captive Souls,Normal,7.05,2026-03-11
William Maldonado,41351479,M,El modelo de virtudes,3D,10.46,2025-11-19
Daniel Meyer,45244018,M,Kleiner Svend und seine Mutter,3D,10.05,2025-09-25
Cameron King,13059096,M,The Win(k)some Widow,3D,10.07,2025-08-04
Bryan Young,94634598,M,With General Pancho Villa in Mexico,3D,11.12,2026-05-02
Jeremy Contreras,11650736,M,The Brink,Normal,7.03,2025-10-09
Angela Randolph,49110382,F,Business Is Business,3D,10.81,2026-04-28
Austin Roberts,52927380,M,The Cheat,Normal,8.91,2026-02-21
Kelly Washington,29879144,F,La conspiration des drapeaux,3D,10.79,2025-06-26
Tyrone Malone,51119386,M,The Price He Paid,3D,12.25,2025-10-18
Jessica Garcia,15392382,F,The Dancing Girl,3D,11.31,2025-10-06
Heather Marsh,68832743,F,L'aluminite,3D,12.3,2025-09-09
Tiffany Jensen,48075979,F,The Dollar Mark,3D,11.03,2025-06-23
Jennifer Webb,73427964,F,Beulah,Normal,6.84,2025-09-15
Cody Andrews,29027575,M,Crooky,3D,12.26,2025-08-07
Sandra Gordon,67440960,F,The Shame of the Empire State,Normal,7.87,2025-05-21
April Brown,84781843,F,Atlantis,3D,12.76,2025-09-13
Michelle Gonzalez,62739608,F,Without Hope,3D,10.29,2026-04-09
Paul Marks,54420099,M,Carmen,Normal,6.38,2025-09-29
Jessica Barr,32560508,F,Crushed,3D,10.86,2026-03-15
Chelsea Callahan,10742029,F,A Woman's Triumph,3D,13.84,2026-02-04
Hailey Salazar,74197122,F,Heilig recht,3D,13.03,2025-08-28
Jasmine Anderson,56327950,F,"A Fight for Freedom; or, Exiled to Siberia",Normal,7.06,2026-03-22
David Durham,15311590,M,In the Bishop's Carriage,3D,10.15,2026-04-30
Joshua Hardy,34146753,M,"The $5, 000, 000 Counterfeiting Plot",3D,12.76,2026-04-08
Monica Sawyer,99723828,F,Leah Kleschna,Normal,7.72,2025-07-18
Tanya Robinson,40840648,F,Guardian of Virtue,Normal,8.46,2026-04-26
David Moon,51147556,M,The Next in Command,Normal,6.88,2025-10-14
Eric Hunter,77325639,M,The Fight for Millions,Normal,6.54,2025-07-03
Catherine Anderson,70552080,F,The Terrible Vengeance,Normal,8.12,2026-05-01
Derrick Cooper,91987561,M,Fantômas: In the Shadow of the Guillotine,3D,11.69,2026-04-18
Julie Williams,98898549,F,Prueba trágica,3D,11.33,2026-03-12
Jeffrey Martinez,20551351,M,"The World, the Flesh and the Devil",3D,10.44,2025-09-25
Patrick Sanchez,94285410,M,Alice in Wonderland,3D,11.42,2025-12-15
Keith Nguyen,35538491,M,Trail to the West,Normal,8.95,2025-11-30
Alexa Diaz,61355466,F,Her Luck in London,3D,13.83,2025-07-17
Joe Harrison,36145603,M,The Hound of the Baskervilles,Normal,6.07,2026-02-26
Sarah Peterson,72439189,F,The Birth of a Nation,3D,12.66,2025-12-07
James Murray,56264078,M,El modelo de virtudes,Normal,6.36,2025-12-31
Dana Barr,56201716,F,The Curious Conduct of Judge Legarde,Normal,7.53,2026-03-03
Patrick Cherry,44768990,M,The Dancer and the King,3D,10.57,2025-07-05
Matthew Gill DDS,66673145,M,The Prodigal Daughter,Normal,8.29,2026-04-07
Kayla Weber,57573085,F,Dante's Inferno,3D,12.55,2025-05-09
Terri Stevens,21651194,F,The Volunteer Parson,3D,10.53,2026-03-10
Kimberly Torres,32145476,F,The Unwelcome Mrs. Hatch,3D,11.41,2025-12-11
Betty Lloyd,12966846,F,The Black Diamond,Normal,7.28,2025-05-20
Tracy Yates,27482753,F,Dante's Inferno,Normal,8.53,2025-06-17
Christopher Mclean,26944215,M,Damaged Goods,Normal,8.79,2026-04-10
Terry Thomas,95489804,M,Fatum,3D,10.16,2025-10-01
Elizabeth Murphy,29437395,F,Beneath the Czar,Normal,6.21,2026-04-16
Ashley Fernandez,81028429,F,Bought,3D,10.42,2025-07-25
Troy Young,54116719,M,The Loss of the Birkenhead,3D,10.72,2025-06-22
Sarah Moore,55779637,F,La primera y segunda casetas,3D,11.3,2025-08-05
Dana Peterson,47923005,F,The Shattered Vase,Normal,7.96,2026-04-23
Rebekah Meyer,67057780,F,Das Geschenk des Inders,3D,12.95,2026-02-22
Hannah Thomas,87052593,F,Tess of the Storm Country,3D,12.95,2025-08-26
Sean White,31138839,M,Battle of Gettysgoat,Normal,6.53,2025-10-29
Katherine Thompson,87341454,F,Excursión al Gombreny,3D,11.63,2025-05-08
Amy Mccarty,43167973,F,Three Weeks,3D,13.99,2026-02-13
Bethany Adams,18300625,F,Anfisa,Normal,7.79,2025-11-23
Oscar Martinez,42203242,M,One Wonderful Night,3D,12.08,2025-08-17
Susan Evans DDS,98447503,F,Hamlet,Normal,7.28,2025-07-10
Anne Hooper,66950156,F,La lucha contra el destino,3D,12.49,2025-08-08
Charles Branch,45192468,M,The Line-Up at Police Headquarters,Normal,7.9,2026-04-25
David Maldonado,30828168,M,Orientalsk dans,Normal,6.55,2026-02-10
Kelly Ross,85818083,F,The Life of Moses,Normal,7.81,2025-12-24
Mary Pennington,21401021,F,The Burglar and the Lady,3D,13.57,2025-08-02
Erica Lane,81350462,F,The Toll of Mammon,3D,10.75,2025-07-23
Joseph Walsh,80429651,M,Fulano de Tal se enamora de Manón,Normal,8.32,2025-10-17
Jill Harris,70371599,F,The Shame of the Empire State,3D,11.55,2026-04-20
Adam Nichols,59911205,M,Die Eisbraut,Normal,8.03,2025-12-16
Gina Tyler,21210354,F,The Jungle,Normal,7.77,2025-09-27
Chelsea Parker,51356786,F,"How Fine, How Fresh the Roses Were",Normal,7.87,2025-06-27
Robert Martinez,11138040,M,A Mother's Heart,Normal,6.34,2025-11-26
Miss Connie Carter,59223084,F,Camille,3D,11.62,2025-08-06
Jessica Warren,42978260,F,A Continental Girl,3D,11.24,2025-09-06
Ethan Randolph,89145647,M,The Arab,3D,10.06,2025-06-04
Robert Pacheco,98773928,M,A Chopin Nocturne,Normal,8.63,2026-01-02
Christian Campos,82014238,M,Der fremde Vogel,Normal,6.78,2025-10-17
Nancy Miller,51395065,F,The Path Forbidden,3D,12.98,2025-12-29
Mackenzie Barker,40258739,F,A Venetian Night,Normal,8.91,2025-09-25
Brian Smith,84848319,M,A Woman Who Did,3D,10.75,2026-01-28
Angelica Reed,23344890,F,Jack London's Adventures in the South Sea Islands,Normal,7.2,2026-01-16
Kayla Riggs,67817584,F,The Heir to Skjoldborg,3D,12.67,2025-11-17
Timothy Bennett,43163935,M,The Circular Staircase,Normal,8.01,2025-09-12
Chase Morgan,83666810,M,The Spoilers,3D,10.77,2025-08-18
Robert Matthews,29445655,M,Heilig recht,Normal,7.31,2025-06-22
Crystal Sloan,68004388,F,Atlantis,3D,10.3,2026-01-20
Karen Mendez,92198426,F,"Destiny: or, the Soul of a Woman",Normal,8.0,2025-06-02
Heather Rodriguez,74056502,F,"Les Misérables, Part 1: Jean Valjean",Normal,6.36,2026-03-05
Nicholas Aguilar,90491131,M,The Fairylogue and Radio-Plays,Normal,7.6,2025-08-22
Savannah Fox,75238224,F,Too Late,Normal,6.16,2026-01-08
Julia Heath,53070222,F,Damon and Pythias,Normal,7.21,2026-04-23
Joshua Roth,82974861,M,A Million Bid,Normal,6.02,2025-12-23
Justin Austin,88553701,M,The Governor's Ghost,3D,13.85,2025-05-12
Denise Baker,89197175,F,The Fatal Wedding,3D,13.62,2025-11-27
Christine Walker,21433229,F,The Country Boy,3D,11.81,2026-01-23
Sergio Bruce,45313652,M,C.O.D.,3D,12.71,2026-04-29
Rachael Walton,47966124,F,Tirol in Waffen,3D,11.84,2026-03-01
Andrew Robertson,96033233,M,Im Schützengraben,3D,10.56,2025-11-07
Samantha Fritz,87407601,F,Rainha Depois de Morta Inês de Castro,3D,11.02,2025-06-18
Darryl Fitzgerald,16838315,M,The Terrible Vengeance,Normal,8.83,2026-04-09
Sean Fox,33940793,M,Checkers,3D,11.19,2025-09-13
Michael Jenkins,36454163,M,Laura y sus pretendientes,3D,11.01,2026-03-05
Ryan Alvarado,46200731,M,Divorced,Normal,8.72,2025-12-26
Annette Wilson,11421014,F,The Million,Normal,8.79,2025-09-14
Christine Lopez,75899761,F,The Span of Life,Normal,6.25,2026-01-22
David Gutierrez,75446459,M,The Human Bloodhound,Normal,6.57,2025-08-08
Connie Gallagher,87063346,F,Leah Kleschna,Normal,8.83,2026-03-16
Mary Harrison,94582550,F,Rainha Depois de Morta Inês de Castro,3D,10.25,2025-08-13
Walter Burke,75179780,M,The Prodigal Son,Normal,7.4,2026-04-04
Christopher Williams,30319328,M,"Les Misérables, Part 2: Fantine",Normal,7.54,2025-05-21
Christina Horn,52472799,F,Ready Money,Normal,6.37,2026-02-11
Shawn Houston,88282708,M,The Silence of Dean Maitland,Normal,6.15,2025-12-25
Erin Delgado,39503827,F,Cabalgata de los mercados en Barcelona,3D,12.91,2025-11-25
William Conway,97383683,M,Quo Vadis?,3D,10.18,2025-11-04
Kathleen Alvarado,54893064,F,Over Niagara Falls,3D,11.34,2025-06-13
Desiree Collins,65575014,F,Calatayud en fiestas,Normal,6.05,2026-01-22
James Harris,19771651,M,The Secret of the Mountain,3D,13.97,2025-11-13
Daniel Hughes,55726017,M,War Is Hell,Normal,7.63,2025-07-10
Jesus Hampton,34864244,M,Frou Frou,Normal,7.94,2026-03-24
David Myers,95748673,M,Talma,Normal,6.85,2025-11-13
Christina Murray,53207497,F,The Borrowed Babies,3D,12.19,2026-03-15
Justin Elliott,76794833,M,The Adventures of Kitty Cobb,3D,11.61,2026-04-26
David Simmons,57282938,M,The Brand,3D,11.23,2026-01-13
Tracy Vaughn,52373353,F,A Tourada dos Casimiros,Normal,7.86,2025-09-18
Johnny Roberts,95742170,M,Blackbirds,Normal,7.88,2026-03-04
Christopher Whitaker,82288067,M,Alexia o La niña del misterio,Normal,8.57,2025-11-19
Kayla Brown,49063257,F,Charles IV,3D,12.82,2025-12-04
Clinton Winters,10195755,M,Under the Black Robe,Normal,8.76,2025-10-08
Gregory Perez,56108696,M,The Wishing Ring: An Idyll of Old England,3D,13.73,2025-09-19
Deborah Ramirez,40848175,F,Bought,3D,11.7,2025-07-22
Melinda Barrett,82629480,F,Seal Hunting in Newfoundland,3D,12.58,2026-01-03
Rhonda Johnston,48054950,F,The Lost Paradise,3D,12.54,2026-03-21
Brian Williams,83881373,M,Children of the Ghetto,3D,12.32,2025-07-28
Scott Kline,12584647,M,The Dictator,Normal,7.16,2025-05-27
Caitlin Tucker,17509897,F,Madero al sur del país,Normal,8.51,2025-06-20
Jessica Frazier,88185808,F,The Dust of Egypt,Normal,7.82,2025-07-21
Keith Tucker,45436000,M,My Husband's Getting Married,Normal,7.85,2025-12-19
Vanessa Reed,66386328,F,One Hundred Years of Mormonism,Normal,6.05,2025-09-08
Autumn Lewis,68226434,F,The Caprices of Kitty,Normal,6.17,2025-06-07
Richard Wilson,38492779,M,The Criminal Code,Normal,8.43,2025-08-27
Kathy Oneill,31227435,F,The Lust for Gold,Normal,8.53,2025-08-04
Lisa Harrison,17142069,F,Passion,3D,12.21,2025-07-28
Nathan Cruz,63707004,M,Un portero modelo,3D,13.79,2025-06-21
Nicholas Garza,14134526,M,Nightmare,Normal,8.15,2025-09-24
Mark Lynch,64805334,M,Sodoms Ende,Normal,7.24,2025-10-04
Monica Taylor,80377128,F,Lucille Love: The Girl of Mystery,Normal,7.65,2026-02-11
Mark Lopez,94441441,M,After Dark,3D,10.03,2026-03-13
Priscilla Kelly,58788963,F,The Man on the Box,3D,11.29,2026-04-20
Blake Stewart,74460929,M,The Adventures of a Diplomatic Freelance,Normal,7.04,2025-07-15
Marco Reyes,35160961,M,Presentencompanigraf,3D,12.19,2026-04-08
Evan Norton,29237525,M,Battle of Gettysgoat,3D,13.48,2025-06-07
Mr. Eric Brown MD,87023223,M,The Butterfly,3D,12.57,2026-01-04
Melanie Scott,89417213,F,Comrade John,Normal,8.27,2026-03-05
Gina Jones,32375388,F,The Secret of the Mountain,Normal,8.48,2025-09-04
Barbara Martin,13866884,F,Alexia o La niña del misterio,Normal,7.37,2025-08-20
Christine Jones MD,92627383,F,The Four Poster Pest,3D,11.67,2026-03-07
Joseph Fields,34973820,M,Jahreszeiten des Lebens,Normal,7.74,2025-09-20
Michael Lin,73062657,M,The Escape,Normal,7.7,2026-03-22
Beverly Gross,50464906,F,The Wrath of the Gods,Normal,8.89,2025-10-10
Angela Holt,84046940,F,The Vampire Dancer,3D,11.03,2026-01-28
Mark Hurley,36552490,M,East Lynne,Normal,8.66,2025-09-02
Samantha Scott,89680683,F,Buried Alive in a Coal Mine,3D,11.69,2025-08-10
Chelsey Scott,89908466,F,The Spoilers,Normal,6.57,2025-06-18
Jennifer Martinez,53303549,F,L'infirmière,Normal,7.25,2025-11-10
Marilyn Morgan,66662449,F,Othello,Normal,7.05,2025-12-22
Gregory Rivera,13237181,M,Det blaa vidunder,3D,10.97,2025-08-06
Alyssa Smith,48979305,F,Prince Edward Island in Motion; Home of the Silver Black Fox Industry,Normal,8.63,2026-02-21
Jessica Thomas,21214575,F,Paid in Full,3D,10.13,2025-08-02
Sherri Vazquez,91054349,F,The Man o' War's Man,Normal,6.43,2025-07-16
Chad Flores,73928461,M,The Fatal Wedding,3D,12.17,2025-09-22
David Mccoy,37744192,M,The Virginian,Normal,7.66,2025-07-24
Jon Fleming,86051746,M,The Caprices of Kitty,Normal,8.05,2025-09-04
Megan Hoffman,79462222,F,The Clemenceau Case,Normal,8.25,2025-12-21
Brittney Bird,33926387,F,A Gentleman from Mississippi,3D,11.97,2025-11-18
Maria Bolton,60306971,F,Ingeborg Holm,Normal,8.49,2026-02-05
Mr. Nathan Johnson,96980742,M,The Vicar of Wakefield,Normal,7.56,2025-05-31
